tweet,class
' яб Ќбг »√бг .. яб ќЎже »Џ–«» .. ',neg
' «бЏ”я—н гѕ—” «б «—нќ Ён ‘»—« ћ«н» Џ—»н«  ег— бб«”н” «д  жб”… ћ«н» б»д е г—”нѕ” 2015 «б ем «ѕн Ён  «б … Ћ«джн Ён Џнѕ гнб«ѕе« ',neg
' «б‘ё««««««««««ж… бЏ» м  ж«б‘г«б г‘ ”я м њ ',pos
' @memoali4ever  «д« я«д Џдѕн Ќ”«» ж« ёЁб я«д Џдѕн Ёжбж—“ я н— я н— ',neg
"' """"""@mahmoud_turkey0 н«Џг √ днб° ѕн яЁ«н… √ге« —ж”н… :D"""""""" '",neg
' еж яг«д Ёне  Џ—н’ Ќя«г Ён «б»«”я  -_- ',neg
' ≈д  ‘«Ѕ«ббе √ягб «ббнб…Џбжг «бё—¬д жѕ—” «б Ё”н—ж«бгЁ”—жд жбЏбе «бѕ—” «б√ќн—√жё»б «б√ќн—Џбм Ќ”» г«н н”— жЁне я » «б Ё”н—жгн“…яб я «» ',pos
' : г—«ё»… «ббм »дЌ»ег гд »Џнѕ б»Џнѕ ѕм Џ–«» ..!! ',neg
' гЌгжѕ гЌн гЌгжѕ гЌн  гЌгжѕ гЌн #MahmoudMoheyLovers «г н «б“г«д н”гЌ н« ћгнб ж«”е— гЏ«я Џбн ‘Ў «бднб ',pos
' «’Џ» ябн нд Џгбм #едѕ”… ж #’нѕб… »«б — н»  жЎ»Џ« #Џбжг ќ«—ћ «бгд«Ё”… ѕм  #гЏ—жЁ… !!!! ',neg
' @ALMRISEUL н« —«ћб «беб«б Џдѕе еѕЁ ’ЌнЌ г« Ён «н ќЎ√  Ќянгн ж « ён —»я »б«‘ ÷Ќя Џбм «бг”«янд   е–« ж «д« « Ќ«ѕн ',neg
' @NesmaAbouleila ‘Ё«е «ббе жЏЁ«е жнЎгд ёб»я Џбне жня»— ж Ё—Ќм »е ',pos
' @ebnmasr @69_sou «ббе «ббе «ббе «ббе «ббе «ббе «ббе ёжб жЌ‘д« «бёжб ѕе гд“г««««««««««д  Ќн« г’— Џўне… жёжн… «д‘«Ѕббе ',pos
' #»ѕ—«д.. «б”бЎ… г ж—Ў… гЏ «бЏѕж Ён гЌ«—»… #«бгё«жг… https://t.co/RtgozcO6Vk #«бё”«г  #Ќг«”  #г’—  #г»«‘—_г’— ',neu
' @zelashkar гдег ‘Џ»…»д «бЌћ«ћ жжянЏ »д «бћ—«Ќ ж”Ён«д »д Џннд…«бг жЁм ”д…198ећ—н ж—жЌ »д Џ»«ѕ…«б»’—н ж¬ѕг »д √»н ≈н«” ',neu
' « Ё—ћ н«”б«г Џбн «» ”«г жен » «яб ...ѕн бг  «яб гЏ »дн «ѕгнд гд ё»б...ѕн » «яб Ён Џ‘… Ё—«ќ #Starac24 ',neg
' гнд«««« ћЏ«д н« ћѕЏ«д #MinaAtta ',neu
' Џд№ѕн ћже «бџх№—»… Ќцбг . ',pos
' @AhmedShokeer95 “гнб »«»« Ё «б‘џб  жЁм ',neu
' @Press_Egy @aswatmasriya «ббн г« —»«‘ г’—  —»н «»же ',neg
' «Ќд« г‘ ед»Ўб я «»е ееееее http://t.co/nk1v5k3Wdz ',neu
"' ""\""""@wafa_ana: «б у’Ёцнё еж «бж”нцб… «бжуЌцнѕ… «б шн д” ЎцнЏ »е« гхё«ЎуЏ… √нш гх ЌѕшцЋ ѕхжд √д дхЋцн— џу÷»е .. #—»«»_«бябг #ёеж…_«б”«»Џ…\"""" '",neu
"' """"""бд нЁегя ≈б« ≈Ћд«д ° √Ќѕег г— Ён Ќ«б я ° ж«б√ќ— нЌ»я ћѕ«р !"""""""" '",neu
' @Press_Egy @aswatmasriya «б«“е— гќ «ћ нЎе— дЁ”е гд «бѕ«ќб ',neg
' ж «де«—ѕ«  »ён «д е  Џб«ё н »«бћ«гЏе ж «ббё«Ѕ нжг 5/1 ',neu
' ё«Џѕе «бЏ» diner dash гд я — »ƒ”м http://t.co/XJ1eg101nh ',neg
"' """"""~ гд «бћнѕ √д  Ќ Ёб »«бдћ«Ќ° бяд «б√ег √д   Џбг гд «бЁ‘б ~"""""""" '",neu
' г‘ еб«ём Ќѕ ! ',neu
' « Ё—ћж« Џбм mbc2 ',neu
' »Ў«—н… «бгж»«нб г»ё«‘ Ёне« »—я… ќ«б’ ',neg
' нжг бб «—нќ «ё”г »«ббе ? ',pos
' @7esabraqm2011 @AHMDAHSHAN б« н«Ёдѕг гЁн‘ г÷«нё… жб« Ќ«ћ… жЌ’б ќн— ',pos
' @M7mod_bal7a «‘Ўе ',pos
' Џбм Ёя—е √д« Џг—м г √я—е Ќѕ яд  Ќ»н е ё»б яѕе :) ? ',pos
' @ehabmohmedahmed @Anon_Force @__janjona_ @mohamed82682786 —»д« г« нЌ—гдн гдя н««” «– «не«» «д « гЋбн «б«Џбн »ћѕ ж«ббе ',pos
' @RAlawadh @al3azfh75 @abbodart1 ггяд «” «–м ”ж«б ',neu
' @stylelife01992 н«»д м ж —»д« «я »м «б user name bt3y kda @tefa6995 msh kda @tefa6695 ',neu
' @EmaAbuyousef  Ён д«” »не»бж »«бяб«г Џ яд“е ',neg
' @stylelife01992 @khalid_walid_95 ж«д м гд «ебж  ’»Ќм Џбм ќн— http://t.co/hAoPIxFYuH ',pos
' @reem1985_reem  бж »д  г’—не «ќб«ёе« дЁ” «ќб«ё џ«ѕе гн‘—Ёдн‘ «ѕЏге« жя«д  ‘џ«бе Ё гя«д яѕ« ж’ж—е« д«“бе »«б‘яб «бг”ќ—е ѕ«  —»н н г ”гЌбн‘ ',neg
' @Hend_KOfficial # ‘«енд «д‘« «бб… ',pos
' @AhmedAlaaAtaa ябе »нЌж— Џбн ябе жгЌѕ‘ Џ«—Ё Ќ«ће ',neg
' «бгжёЁ ѕе гд «»÷д «бгж«ёЁ «б Ќ’б  гЏ«н« «б«”»жЏ ѕе ',neg
' @7amoud_0 «жЏѕд« н«««—» ждџж— гд «б»бѕ ѕне ',neg
' @ArhMorocco @fc831e50d3bd44b «Ќд« ябд« Џ—» г”бгнд «ж г”Ќнд «Ќд« ѕжб «б‘г«б «бЏ—»м «янѕ дЌ —гяж «Ќд« «бг’—ннд ж—ћ«Ѕ 2 http://t.co/obaIBi6PR4 ',pos
' ’б«… «бЁћ— «Ћ«»яг «ббе .. ',neu
' гЌ «ћ «—жЌ «”ядѕ—не ',neu
' @SadButTrue33 @ShimaaKhaled25 «ƒнѕя »яб ‘ѕе  :-) ',pos
' @Maroc_tiskat22 Џ‘«д »«ёжбн «дн ”гЌ  бб»д   ‘ г »н н ‘жЁн «д« ‘ г е« жЏгб бе« »бжя ж«ббе Џнн» бг«   егн «бд«” »«б»«Ўб http://t.co/VFPEAoifG9 ',neg
' »Џя”я  егдн «бЌёнё…  егя дЁ”я ! ',neg
' ’»«Ќяг ”я— .. Џдѕм «г Ќ««««д ѕбжё м face to face гЏ ѕя ж— «бг«ѕе .. «ѕЏжбм ',pos
' @ San Stefano  #selfie #bathroom #mirror #Retrica :D @ San Stefano   ”«д ” нЁ«дж http://t.co/CKsNZMnpAC ',neu
' «—нѕ «Џжѕ ЎЁб« ян «д”н яб  «бѕдн« http://t.co/wDq7c7ahRJ ',neg
' @hanooonh11431 б« еж ќб’ «яб жя«д ё«Џѕ г” дне« ё«бе«  «ябм ё«б бе б« —«Ќ ё«г нџ”б «нѕе жем ё«г  ',neu
' «»ЎЅ ”де ггяд  Џѕн Џбня 2014 ',neg
' @Gulf_Bank  б« г« «д“б   √яѕ «бяб г« д“б  бе ',neu
' @hchawki69 @YouTube «нже »√е ',pos
' @Amr_khorshed777 @Amal_Eldahshan жгЌѕ‘ енёѕ— нЁ—ёд« —»д« нћЏб «н«гд« ябе« «Џн«ѕ жЁ—Ќ ',pos
' @emitcheka @AliAmohse »ж нд ћ«н ',neu
"' """"""бн’»Ќ Ќягя гдЎён« нћ» √д  дў— ≈бм «б√‘н«Ѕ »гдў«—нд: «б√жб »‘ябе« «бгћ—ѕ°ж«бЋ«дн… «бдў— ≈бне« гд ќб«б «бЏж«ЎЁ°Ё«бдў— »гдў«— ж«Ќѕ н‘ж‘ «бЌяг"""""""" '",neu
' @SamirAwied г”«Ѕ «бдж— ',pos
' The American ‘џ«б Џбм Ёжя” гжЁн“ гд «Џбм «б«Ё?г «ббм ‘жЁ е« ',pos
' «бг«ѕе ѕм гЌ «ће нжг яг«д ',neg
"' """"""н« гежд «бг‘«жн— °° г «ќ— д’ ”«Џе ж е я » џн«»  :s"""""""" '",neg
' Ќѕ нёбн «б«џдн… «б жд”н… «б «дн… «”ге« «н «бн Ёне« Ќ … —«»     http://t.co/r9cMSc0kXG   #GhadaJreidi ',neu
' @haeinjoan «ё’ѕ «де я«д Џ«ѕм »” —ћЏ ќ—» яб Ќ«ће ',neg
' @Dinaelhamaqy «бЌгѕббе ',pos
' @Hamaki Ќг«ём Џ«ж“нд ’ж—е гЏ «бќг«”м «бг’—м ‘н—нд жгнд« жѕЏ«Ѕ ж‘«енд жгЌгѕ ж Ќн« г’—  #ShereenYehia  #StaracArabia  @ShereenYehia10 ',pos
' «бде«—ѕе я«д «г Ќ«д «жб г«ѕе Џбг г’ЎбЌ «бЌѕнЋ #«бЌгѕ_ббе ',pos
' @Moamen_Maher гƒгд «бѕнд »д Џ—»м ',neu
' ж«бде«—ѕе Ёж“е «ббн »д гд«е . н«««««««—» . ',pos
'  жёЏ «б«”жЅ ”нѕн ! #prt ',neg
' «д« дг  ”«Џ… жёжг  е‘—» ёеж… ж√ягб нжгн Ќбж Ё‘ќ  г« ”гЏж‘ яб«г ѕжЌ« ',pos
' Ќ»н» м «д  »нд «бд”«Ѕ дж—  ёб»м ж«н«г Џг—м  Џ‘ё я «”гЏм д»÷м н џдм  »дџг«  Ќ—жЁ «”гя жбд « —яя ',pos
' @Nadiaglory жЌ‘ нд« н«√” «–е √г м е«д‘жЁя ',pos
' «Ќ«««««««««««««««««««««««««««««««« ',neg
' «”ж« г« ‘ Џгбе ћ«—нѕж. ',neg
' @nurse22ohoud н”Џѕ г”«я :) ',pos
' ’ж  ‘«енд ѕ«Ён #MohamedChahine  #StaracArabia ',pos
' Ён «бЁж“ «“ѕ«ѕ »я Ёќ—«р жЁн «бе“нг… «“ѕ«ѕ бя Џ‘ё«р Џ«бЌбже ж«бг—… гЏ«я н« #«ебн ? ',pos
' @Mo7aMeD_KH1911 б√ Џ«ѕн «д ж« «б‘—гжЎ… » «Џ д« Ёд‘ гяг »—«Ќ д« ',neg
' @MoatazEssam93 «бг‘ябе гћб” «б«ѕ«—е гћб” ќѕг«  г‘ » «Џ я—е б«енг‘н ћ«—нѕж жб«енћн» ’Ёё«  Ќбже Ёе Ё÷б г«‘не »«б“ё яѕе »—е жћже ж»џ»«Ѕ «бгд«Ё” ',neg
' @EbraSamir —»д« я»н— ',pos
' @NERoO0o0O ¬гнд .. ',pos
' гнѕн«”н  ггбжя… б—∆н” гнб«д »—б”яждн жен яг«д √яѕ  «б’Ёё… ',neu
' @AHMED903 ееееееееееееееее ябд« е–« «б‘ќ’ ',pos
' «бг”нЌннд »нЌ Ёбж« «“«н Ён «бЏнѕ » «Џегњ ',neu
' «б“г«бя »” жгЁн‘ џн—е ? ? ',pos
' @mohamed45557608  ”бг нЋЎ« ',pos
' @Sdqat  «ббег ¬гннннннннд н«««««««««—» «бЏ«бгнд ',pos
"' ""ж?  д”м Ќ”«г «»ж «б»ќ«—н ж «»ж«бЏ? г«÷н\"""" '",neu
' - ж е÷г √гбм »Џѕ ‘жё »Џндм ж »«б«нѕнд ',pos
' @StaracArabia @IbtissamTiskat @AbdlSalam_Zayed н« ‘нќ « ’ѕё гяд«‘ дЏ—Ё е« ж« ѕЏ«Ѕ ё—Ё жд« »ём #StaracArabia  #doaaelsebaii ',neg
' ? ‘жЁ  Ёням ед« ж? ‘жЁ  Ёням Ў—Ё яб «ббм Ёням ё———Ё #Ё«—ж” ',neg
' »«бд”»е бЏ»ѕ«б”б«г ж«» ”«г «д Џ«н“… «Џ—Ё ег« ћ«ннд «б«”»жЏ ѕе нЏгбже «не џн— «дд« д ‘б Ўжб г« «бя«гн—« Џбнег г‘ »нёЏѕж« гЏ «н Ќѕ #ќдё жд« ',neg
' «ббег «еѕнд« Ён гд еѕн  ',pos
' @0omarsobhy Џгб «не «ббе нЌ—ёе ',neg
' Ќж«бнд« Ён яб гя«д ё÷»«д ждёжб Џ «б”ћд ѕе Ќ—не . ',neg
' бж  —ћЏ  ’«Ён д”«гЌя н« Ќ»н»д« ',pos
"' ""бне гнќбж‘ бнбе «?г Ќ«д 240 ”«Џе Ём д«” » гж  н«ббм гдяг ббе :\""""( '",neg
' «д« г‘ Џ«ж“… «–«я— «Џгб «не Ўн» -_- ',neg
' ябжжжжж Џбн ябжжжжжжж ёжжжжб н« Џѕжн… ',neu
' г« ‘ «б«ебн »н Џ«ѕ Џбн «бде«— Џг«бе « Ё—ћ  ж»’—«Ќе г»”жЎе ееееееееееееееееееееееее http://t.co/1xUzStJ3Jz ',pos
' «ћѕ «бг?ге Ём еж«я б–н–е ..Ќ»¬ б–я—«я Ёбнбгдм «ббжг ',pos
' н« Ќбж »«д  б» я .... «жб г« ѕ«»  «‘— я  нЌ—г Џбн« гЌ» я ... ж—«Ќ « ж» Џд ”я я ',neg
' @LeloSherif ”«Џ е« »џг÷ Џндм ж «Ќ«жб « ќнб «дм ‘«нЁ«ег ж »ябгег ж »Џѕе« »д«г жџб»« »Ќбг »нег ? ^^ ',pos
"' ""#«бжЎд   \""""г” ё»б жЎд\"""" нЎ—Ќ г»«ѕ—… б гянд –жн «б≈Џ«ё… жѕЏгег Ён «б»—бг«д  http://t.co/EnGZpXLqpD '",neu
' @miramora12 @neawdream @AbcSalha ’ЁЌ е« » »нд гѕм  ѕдм ж÷Џя жгќя «бЁ«—џ » ‘ћЏм д«” б«ќбё жб« ’ж  жб« «Ќ —«г ж»неджям Ём »нѕћ« ег я—«г… ’Ё— ',neg
' @DohaElDesonsyy   ёжгн ’бн ',neg
' «бжё  ѕе Ёне ягн… Ў«ёе џ—н»е ж—ен»е гд «–«д «бЁћ— бЌѕ «б”«Џе ? ',pos
"' ""#«бжЎд   ‘ёнё «бЎн«— «б√—ѕдн нд«‘ѕ \""""#ѕ«Џ‘\"""" »«б≈Ё—«ћ Џд √ќне http://t.co/kWol3rA2eQ '",neu
' ж«еж ябе »нЏѕм «Ёег »ём н« «Ёдѕм..г‘ ж«ёЁ… Џбм Ќ«ћ… жб« Ќ м гЌ «ћ…..«д «д   “Џб яб ѕе #Ќг“…_дг—… ',neu
' џ’» Џдя бг«  Ќ» Ќѕ е бёЎ Ў—нё… яб«ге ?? ',neu
' @mona123m98 @nanaok1234 ’»«Ќ «бдЏ” жёбе «бджг Џ «б’»Ќ ',neg
' ≈–« ёб  гў«е—… ћ—ж« дЌже« -«бгў«е—«  ж»”!- √дў— «бќн»… ж«бЁ‘б «б—ен»њ http://t.co/ajigtaPQSL ',neg
' н««««««««—» «ћЏб «бнжг ќн—  ж«—“ёд« н«—»  ж гбн «бќн— н««««««««—» ',pos
' @mohamedgemii74 «еж ‘жн… Ўб»н«  яѕе ',neu
' @mohamedsaadz ’»«Ќ «бж—ѕ ',pos
' @najwakaram ’»«Ќ «бћг«б ',pos
"' ""#«бжЎд  «бнжг .. »ѕЅ ’—Ё Џё«— \""""#”жЁ«бѕн\"""" бг—÷м «бя»ѕ »№ #«б»Ќн—…  http://t.co/jBnCgGOOKN '",neu
' янЁу нѕ—я «бг—Ѕ √де жёЏу Ён «бЌх» .. њ ',neu
' Ђ#«бжЎдї  —’ѕ Ќя«н«  «б≈ег«б ж«б≈е«д… гд ёб» «бг” ‘Ён«  «бћ«гЏн…  http://t.co/zzHBTXBk1P  #г’— ',neu
' «бг‘ябе Џдѕн «бде«—ѕе «дн бж Ќ»н  «‘жн еб»” гн—н Џб‘«д еЏѕн ёѕ«г «бЏгнѕ жеж гжћжѕ ',neg
' @AblaFahita г‘ бг« няжд »нЏ—Ё нбЏ» Ён «б‘ћ—√’б«њњњ ябег г«ж«ян” жб« Ё«егнд нЏдн ≈не я—н”г«” √’б« н« √»б… ',neg
' @HodaMahmoude г”«Ѕ «бќн— бж”гЌ н ггяд Ёбжж ',neu
' @Ahlawyy_Ana «е г« √д« ‘жЁ е г»—жжя »ём ? ',pos
' б«Ќў «б’—«Џ б«Ќў «б’—«Џ «же «же «н”яж нЁж“ »«б’—«Џ ’«—  «ќЎ— ’«—  «ќЎ— .. ’«—  ћжб ... ’«—  ћжжжжжжжжжжжжб ',pos
' @Asiaaa_Omar ж н«—н ег «’б« »нЏгбж »не« ',neg
' «”жЅ Ё —«  «бд«ѕн «б«ебн »Ўб ббяждЁѕ—«бн…  «Ё÷б Ё —«  д«ѕн «б“г«бя «бг—я“ «б«жб Ёѕж—н гќб’‘  «бЌ—г«д жЌ‘ ',neg
' @shamohesham ‘я—« ћ“н? ббг «»Џ… жЁн  ж«’б ѕ«∆г жяб Џ«г ж«д  »ќн— ж«”— я «бя—нг… ',pos
' бд √ћѕ гд н‘»ея б√д Џндн б«  —м ≈б« √д  ',pos
'  »ём ё«Џѕ Ё √г«д «ббе жЁћ√… нћнбя «я ∆«»! ',neg
' #StaracArabia  #MinaAtta  еж гнд« енџдн «џдне »” бЌг«ён њ жгнд енџдн «б «дне њњњњњ гнд« ЏЎ« ',neu
' @Lovestorye1994 @Dina_Badr12 @ranasamaha9t Џб‘«д еж н” Ќё «ббё» Џд ћ««—… ж«” Ќё«ё б«д…«б«Ё÷б жЏб‘«д Џнжд «бгбя… Ќд’ж  б«»д »бѕд« гЌгѕ ',pos
' @EtisalatMisr жбж Џ«ж“ «”ћб «б»н«д«  ж» ’б г‘ » ягбж« гЏ«н« ггяд гд ед« њњњ ',neu
' @ayoya_yoyo_yo яд“е е дћЌ ћ«гѕ ж»«б«ќ’ Ёг’— ',pos
' @Eman_Tebah ееееееееееееее  б«б«б« г ќ«Ён‘ ',pos
' д” ЎнЏ «б«Џ —«Ё »яб ‘нЅ .. «б« Ћб«Ћ : «бЌ» ж «б÷нё ж «бџн—е .. ЁдЌд Ён  бя «бЌ««б«  дћнѕ «б’г  б« «яЋ— http://t.co/BGiwvc5HwQ ',neu
' н« ћг«Џе ѕе«б«яжд  «б «д« ‘џ«б »не ѕбжё н б«д ѕе @tharwatElnakeeb  « ёЁб ',neu
'  б«ён  жн  » ёжб «д «бЁжбж—“ г‘ гегнд я« »е« ж«Ќѕ Џдѕе 3 «б«Ё Ёжбж— ж»н— ж е« ж«Ќѕе Џдѕе« 9 «б«Ё жѕг«џег Ё” жќ—« ж»÷«д ж»нгд‘дж« Ўж» «б«—÷. ',neg
' @mostafahassan89 @emyy_80 «б”н”н ж’б «бяжн  Џ—Ё ж« гднд ',neu
"' """"""”н»яж« гд «б ‘янб »ён ж«бдж«Ќн «бЁдне .. «ѕЏж« ° «ѕЏж« »÷гн— .. н«—» ««бгя”»?"""""""" '",pos
' »«”г енћн» ћжб «д ‘«Ѕ «ббе :) ',pos
' «д« ёжб  ћжб ',pos
' @nonabitefull «б’ж—. «б√ќн—… Ё‘ќ дня ќб  »ж»’ нЌ»Ў Ён «б”ёЁ ',neg
' #гнд«_Ёќ—_«бЏ—» ёжбже яѕ« я н— еж Ёне ћг«б »«б‘яб ѕ« http://t.co/Fss8kJP6QW ',pos
' «бж«Ќѕ ж еж »н—”г б√ќ— г—… —”г graphics Ќ«”” яѕ… »‘Џж— Ќбж  Ќ«”” я√дже б√е ‘дЎ… гбн«д… Ёбж” ж гя ж» Џбне« бгЌгжѕ ћг«б ',pos
' —»д« н” —я ѕдн« ж¬ќ—… н«ћ»— ? ',pos
' «б—ћжб… г‘ »«бѕќ«д жб« »бг… «бд”ж«д #Ќяг…_гня—ж»«’ ',neu
' @vb345b «‘Ўе »Ќ» е«б днд ... нб« »нд« ',pos
' «бж«ѕ г«”я «нѕ гЌгжѕ ё«Џжѕ »«нѕне «б« днд ',neg
"' ""\""""@Mony_Minawya9: «б—жЌ «бг’—не ж«б’ж  «бг’—н ж«б«ѕ«Ѕ «бг’—н  ѕ«∆г« нЁ—÷ «бЌ÷ж— ж«б”нЎ—е ... жб”е  #StaracArabia\"""" '",pos
' —»д« гЏ«««««««««««я н« «»д г’— н« џ«бм ж Ё—Ќ «бде«—ѕе »«бЁж“ »«ббё» #MohammadChahine #StaracArabia ',pos
"' ""н«—н  «бЁ —е «ббн ћ«н»… дбЏ» » «б‘д«жн Ќ«“г ћ»— ѕжнѕ«—\""""яжЁн «Ё—нён«\""""  √Ќгѕ ”гн—\""""гЁн‘ џн—…\"""" Ў«—ё Ќ«гѕ «»—«енг ’б«Ќ гЏ—жЁ √нгд ЌЁдн гƒгд »«”г '",pos
' Ёджд ћгнб… ?? http://t.co/tFdLBG2slu ',pos
' «бя‘Ё —”гн«р Џд Ёж—ѕ «я”»бж—— 2016 Ён бж” √дћбж” #»ж«»…_«бг’ѕ— #«бгн“«дн…_«бћѕнѕ…_2015 http://t.co/cKPTYzw84r ',neu
' @drshonshon «г»«—Ќ «бЁн” ггбƒ Џд «?ебн ж«бде«—ѕ… «б“г«бя еееееее ',pos
"' ""\""""@LaithAJ_Fans: бнЋ н Ќ÷— б≈Ўб«б е «бЋ«дн… ё»б «б’Џжѕ ≈бм «бг”—Ќ #LaithAbuJoda  #StaracArabia http://t.co/iD37z6K5q7\"""" '",neu
' Џбгнег н«гбя… «ббе Џбнян Џбгнег «бЁќ«г…  #StaracArabia ',pos
"' ""\""""@o020o: н«гж“шЏ «б«—“«ё «ё”г бн гд —“ёя г« √ гдм ж«ћЏб бн Ёне «бќун— жу «б»—я«  ?\"""" '",pos
' жЎд бг нЏѕ гжЎд« бгж«Ўднде ... #ё’…_жЎд ',neg
' ”«бќн—? ',pos
' Dear santa:  ”«дѕжн ‘ ‘«ж—г« ',neu
' @RamaAl3tibi @DodoOMG яб «бѕдн« Ё—Ќ«д… »не ‘«ендж Ўн» жн” Ќё #MohammadChahine ',pos
' Џ«ѕ е жб« ен‘ —не« ',neg
"' """"""\"""": г«я”— ÷бЏш «бЋёе° џн— «бўджд!\"""""""""""" '",neg
"' ""\"""": «ќ —  ё—»я гд »нд е№ «бд«” дёже.. ж√Џгн  Џндн Џд џб« яб гќбжё !\"""" '",pos
' «д« »г— »Ќ«б… гд  «б—жё«д ж«б«” ћг«г  ‘‘‘‘‘‘‘‘‘ http://t.co/wkhtCel3JP ',pos
' @BibaBouchra  ‘я—« Ќ»н«н»м Џ«бгћежѕ ѕ« «бЏ«ѕм гд Ё«д“ «б»«—»м ядж“ ',pos
' @NoddaNabil нЏдм «”ёЎ бжжЌѕм нЏдм ѕ« яб«г ',neg
"' ""Џгбн… «” ‘е«ѕн…  ” еѕЁ ягнд бёж«  «б‘—Ў… Ён гѕнд… «б”б«г ‘—ё «бё«е—…  ”Ё— Џд «” ‘е«ѕ гдЁ– «бЏгбне жгё б Џѕѕ гд «бћджѕ  #г’—   #”нд«Ѕ\"""" '",neu
' ‘я—« бћгеж— яд“е жћгеж— бнЋ жбб”Џжѕне жяб «бд«” «ббм жёЁ гЏ«д« жгЏ гЌгѕ ‘«енд Џ‘«д нЁж“ »«ббё» #MohamedChahin  #гЌгѕ_‘«енд  #StaracArabia ',pos
' @rashamohamed271 —»д« нќбнян жб« нЌ—гд« гдя ж «д ‘«Ѕ «ббе —»д« нЎгдяг Џбне ',pos
' @nehal3n @Sarastar199 н«бежм г ќнбнд ««Ќбёе ѕм њњњееееееееееее ѕм е »ём «ћгѕ Ќбёе Ё  «—нќ «б»—д«гћ ',pos
' @alhabibali «ѕн ‘нќ гд «б«яЁ«Ѕ нед∆ «бг”Ќннд »«Џн«ѕ «б”д… «бгнб«ѕн… ж«д« яг«д »ед∆ «бг”Ќннд ж«б«г… «б”б«гн… ябе« »«Џн«ѕ —«” «б”д… ',pos
"' """"""»я—е √—жЌ «б»н  Џ‘«д «б‘Џж— «ббн »Ќ”е бг« »—ћЏ «бё«е—…  «дн °° ≈Ќд« »дя«ЁЌ ж«ббе :-D"""""""" '",neg
' ’«Ќн «д  гЌгѕ Ќ”нд гѕёѕё г«Џ«ѕ »же Ё«нѕе   @a1414g @AVip2393 @alaseerie ',neg
' @Mans4197 ж«бг’ЌЁ Ё«я— яб бЌў«  «» ѕ«∆н ж«Џѕ«ѕн жЋ«джн .. жЌ«”” «де« гд «г»«—Ќ :((( ',neu
' Ён д«” яѕе √г« »д ‘жЁе« » бЁ ж  г‘н гд ‘«—Џ  «дн ',neg
' @3bb068e74652436 @sl_889 @BintAbod @RawanAloteby —»д« нќбням бне н« ”ж Џ«ж“е  жѕндм «б»Ќ— «бгн  ж«д« ”ёЏ«де  #гягбнд_гЏ_‘н—нд  ‘н—нд нЌнм ',pos
' «б√бЁ«ў «бя н—… «бм ёжб е« ѕн Ќ«ће  “Џб  «б’—«Ќе где ббе »ё« ',neg
"' """"""@Kokilina  « жёЏе« гд ж”ќ “не ° “г«д ж«д« Ён «бябн… яд  »ќб’ Ќ«ћ… Ён «бё”г ° —«∆ѕ »нёжбн «янѕ Џ«ж“  ЎбЏ ѕя ж— д”« Џб‘«д  ‘жЁ ....ж ...»—«Ќ я"""""""" '",neg
' н« бћд… «бЌя«г «б«ебм »нѕЁЏ я«г ',neg
' @SadaMohtaramoun нж”Ё ќбне«  ‘жЁ ‘џб б“жћн «Ќд« «”… гд «—»Џ «Ё—«ѕ »я«бж—нж”  ћ«—…  ??????????? ',neu
' »н  «г «бд—Ё“е «ббн Џбн »бнб »”» д«” ж”ќе гбе«‘ б«“ге «’б«р . ',neg
' #StaracArabia  #MohammadChahine https://t.co/ffBln9H4NZ ’ЁЌ… гЌгѕ гд“бннд —ёг г«г е еееее «б—ёг г‘џжб ЏбЎжб ЏбЎжб ж’ЁЌ… «” «—я ябе« ‘енджж ',neu
' «д« ‘«гг —нЌ… »’б ёжн… ћѕ« ....... Ём Ќ«ћ… г‘ гў»жЎ… » Ќ’б Ём «б‘«—Џ ѕ… «бде«—ѕ… :D ',neg
' »” »ём н«« нжжд” Џб‘««д г«г м  гѕн—е гѕ—”е ж» ”гЏ «бЌбёе :D  #3alahwa __А\% ',neg
' @m_hamdy920 —ен»… н«ѕ «бЌбё… «б«ќн—… Џћ»д н ',pos
' нƒћб «ббе √гдн« д« жб« нд”«е« ',pos
' ?    ?«д «ббе жгб«∆я е н’бжд Џбм «бд»н н« «не« «б–нд «гдж ’бж Џбне ж”бгж  ”бнг«? ? ? ? ? ? ? ? ? ',neu
' ёжѕ д«н  ',pos
' «бд«” «ббм » Џгб follow ж —ћЏ  бџне  «дм !! «д  я«д Џдѕя ќ«б «е»б њ ',neg
' ѕж—  Ём ёб»м Џбм Ќ«ће  “Џбдм гдя  бён  Ќ м «б“Џб Ём ёб»м  —«÷м Џдя ',pos
"' ""«Џбг √дшу «бгж  Ќёш ж«бЌн«… »«Ўб… ж«бг—Ѕ б« нЏн‘ гег« Џ«‘ ≈б« бнгж  жябш ’—ќ…т г’»ш де—е« «б”яж !  \""""гЌгѕ «бЁн ж—н\""""\"""" '",neu
' «б”де ѕн ббд”н«д ',neg
' » Ќ»е«њ «жЏм  ’«Ќ»е« Џ‘«д —»д« н»«—ябя Ёне« #д’нЌ… :) ',pos
' дЁ”н √—я» Ўн«—е ',pos
' »ё«бя гѕе г‘ »«нд .. ж—Ќ  жёжб  Џѕжбн ! /: ',neg
' гнд «жб ж«Ќѕ ен‘ г њ ',neg
' яб г«  Ќ” «дя » ё—» гд Ќѕ «жжжм «Ё я— «д енћм нжг ж  Ё«—ёе... Ё г ё—»‘ «я — гд яѕе... :)) ',neg
' @NadaAhmed10022 @AhmedSamy012 ‘ябя гд «бджЏн… «ббм я«д »н ё«бе«  Ё Џбм Џгж н« Ќ»н»м «е н«»дм г« Ќ”д гб«Ёўя ‘жн… ',neg
' #«б“г«бя ќ”— гд «д»н 2004 жЌёё «бѕж—н Ё «бде«не .. н«««—» . ',pos
' ћѕнѕе ѕн Џ«ж“…   ћж“ ж ёЏѕ Ё «ж÷е бжЌѕе« ж«д« яг«д бжЌѕн ждяжд “н ”я«д Ё ‘ёе ж«Ќѕе Џ«ѕн #џж—н н«»д  «б                   н  ',neg
' @arwaalhaj90 ќб«’е «бгж÷жЏ «д «бгћб” ж«бб«Џн»е ж«бће«“ «бгЏ«жд ёЏѕж« гЏ«е ж’«бЌже ',pos
' #бж_”«д «_ябж“_г’—н я«д жѕн «беѕ«н« ѕн ббЁё—« ж«жб«ѕ «б‘ж«—Џ Џ‘«д нЁ—Ќж« #н«««_г’—ннд н«бн Џг«бнд  ‘ гж Ён «бе«‘ «ћ ѕе ',pos
' «ббе нќ—» »н  едѕ”е ж«ббн » Џгбж« Ёнд« ',neg
"' """"""”»дн √”—Ќ Ёня ‘жн ж«д”м √н«г ÷«Џж« гдн° дЁ”н Џг—н нЏѕн »н« ж«д  »Џндня ѕжб Ќ«÷дн  - #Ќ«б…_Ќ»"""""""" '",pos
' г”«Ѕ «бќн— Џбняг ',pos
' @elFogr «д  ќб«’ ‘Ў»  н« Џ«бгн :D ',neg
' @mennty_ «’бн н«”Ўн ^^ ',pos
' @serageldaly б« Ў»Џ« «б»д   Ќ» «ббн нЌ —ге« ж нёѕ—е« ',pos
"' """"""«б”нћ«—… Џдш« »‘няб  ќншб ° нбЏд е«÷«"""""""" '",neg
' »ћѕ «д« »Ќ —г я«» д Ў«—ё «бЏ‘—н ... —џг «дн “гбя«жн бяд «д е —«ћб гЌ —г ',pos
"' ""\""""@islamioon: еняб: «бџдж‘м д’Ќ \""""«б≈ќж«д\"""" »Џѕг «б —‘Ќ бб—∆«”… жбг  ” гЏ бд’Ќе  - See more at: http://t.co/caBIGUWQar\"""" '",neu
"' ""е–е Ќн« я н« ’ѕнён.. «” ‘— «б«еб «б√’ѕё«Ѕ   √’Ќ«» «б ћ—»…  бяд  »ём гћ—ѕ ≈” ‘«—«   жбяд  –я— «д  гд нћ» «д н ќ– «бё—«—!\"""" '",neu
' @mayahamdi_ «д  «бгб«г ',neg
' «ё—√ «бг“нѕ  Ёег «бяЋн— гд «дж«Џ «бд«” ябг  «бд«”  Ўбё Џбм «бћгнЏ  ед«  ќ бЁ «бЏёжб ЁёЎ ',neu
' н« «г ћг«б «б—жЌ гднд  ћндн »ябг ндя «бе«ѕннд   “жѕн Ё ёб»н «б»—«Ќ . ',pos
' @FrohaLove13 едЏгб ббнЋ е«‘ «ћ «”ге #бнЋ_«бг’—н_«б”«ѕ” ',pos
' @amrmahammed hhhhhhh  ж«Ќ‘дм ж«ббе ',pos
' жгег« я — «бяб«г б«“г няжд д«ё’ Ќ«ће ',neg
' жѕ«Џя бн« ѕм «бЌ«ћ… «ббм  жћЏдм ? ',neg
' @amgadalghonimy еееееееееее г‘  ќ«Ё ',pos
' «÷Ќя  жб«   ÷Ќя  янЁя  «д« »÷Ќя   ж«д   «÷Ќя  ж«–« г« ÷Ќя   «÷Ќя  женя «д   » ÷Ќя ж«д« »÷Ќя  ж«б÷Ќя  Џ «б÷Ќя  »н÷Ќя еееееееееееееееееееееее ',pos
' @ElMa_SrY @3abdo_Sala7 гЌѕ‘ нЏ—Ё нћм «д « Ё«ег ',neu
' @Marina_maher_ «д« ё«Џѕ ‘жн… б”е г‘ ед«г ',neu
' гн—н  «’Ё— «бг–«ё «б«’нб ббѕќ«д «бћгнб ',pos
' Ў» Ќѕ н—ѕ Џ «бяб» ѕ… Џ‘«д «д« бж —ѕн  е«ћн» ”н—… г«г … http://t.co/YYvWRJozlZ ',neg
' @EsraagOh  ” «ебн «бЌгѕ. ',pos
'  ’»Ќжд Џ«бќн— н««Џ“«∆н http://t.co/QMP60HCdX1 ',pos
"' """"""\""""г« —÷нд«° бяд « Џжѕд«\""""."""""""" '",neg
' @khater264 г»д гнгж д ѕ« н« ё—ѕ ',neg
' New header ;))  ж«÷Џ ж яѕе xP ',pos
' «б‘Џ» «ббн»м ЎбЏ Џбм Ќёнё е« ѕг«—+ ё б+ёЎЏ —жж” +ќЎЁ+ ећн—+”—ё… «бг«б «бЏ«г ѕж«Џ‘+ё«Џѕ… ',neg
' «бж«Ќѕ дцЁ”хе н—ћЏ гд «бџх—»е «ббм ћж«е ж еж Ём гя«дхе ѕм ',neg
' «д« «жб ж«Ќѕ яд  Џ«—Ё дне«е«е«е«е«е« ',pos
' ’ж  «б‘нќ г’ЎЁн н« ћг«Џе??? ',neu
'  ё»б «ббе Ў«Џ« яг »г“нѕ гд «б«ћ— ж«бгџЁ—… ',pos
' @nour_sambo »дж—я ж «ббе ^^ ',pos
"' ""гег« я«д  дн я ’«Ён… Ён «н ‘н  ЁЏбе бд  дћж гд ўджд «бд«” «б”н∆… «»ѕр« !\"""" '",neg
' @hhe600 @Azkrona @nourtoumi9944 @7moodyx3 @mero74092116 н«б« џн—ж гд Џ«н“ н ‘ г  «дм «бг’—нннд ќЎ «Ќг— н«яб«» џ«ѕ… ж‘«енджжж гбнжд ќЎ «Ќг— ',neg
' . . . бу«  угцнбх ёхбж»д« ≈цб« бцгуд ну’ъЏх» Џубунду« / бцёу«∆цег ',neg
"' ""\""""жё«б д”ж… Ён «бгѕнд… «г—√… «бЏ“н“  —«жѕ Ё «е«\""""  —џг √де« \""""џбё  «б√»ж«»\"""".. ≈б« √д Ё÷нЌ е« Џг  «б»бѕ!! Ёб«  √гд гд гя— «ббе ж√д   Џ’не..\"""" '",neu
' н«—».няжд.Џ«г.ќн—.ж”Џ«ѕе.ж”б«г. .Џбм.«бћгнЏ. http://t.co/aPxZnyJ2xC ',pos
"' """"""{«ѕЁЏ »«б н ен √Ќ”д}  ”х∆б Џд е–е «б¬н… √д” »д г«бя  «б—ћб н‘ ге √ќже Ёнёжб:  ≈д яд  ’«ѕёр« ЁџЁ— «ббе бн°  ж≈д яд  я«–»р« ЁџЁ— «ббе бя."""""""" '",neu
' @Abdullah_Qasem «гнд.. н”Џѕ ’»«Ќя ',pos
' @Elseemaroun янЁ б»д«д ж—«” «б”д… ',neu
' #Ём_гЋб_е–«_«бнжг27ѕн”г»— 537 - «б«д е«Ѕ гд »д«Ѕ ядн”… ¬н« ’жЁн« Ён ≈”Ўд»жб. ',neu
' @rmoosh622 @Mariam198287 е«е «д« ѕ»ж— ',neu
' яб ”д… ж«д г Ў»нд ???? ',pos
' «ббег ≈дн √”√бя ≈”гя «б√Џўг √д  ЌЁў √»н ж√гн  гд яб ”жЅ√”√бя √д  »«—я »Џг—ег« ж Ўнбе Џбм ќн—ж Ќёё г—«ѕег«ж ћЏбд«»«—нд »ег«   н«√я—г «б√я—гнд ',pos
' @hesham_m_2011  ’»«Ќ ‘—нЁ ЏЁнЁ ќ«бм гд «ббЁ ж «б ѕбн”... ',pos
' @saharkhamis1  ”бгн н« ”Ќ— ? ',pos
' @shima2_a7med «еж ябе  ”жб жябе »н—“ё гд Ё÷бе ----- ',pos
' @mohamed_shatla @mariammoslemany @zynabAlshair_  ”бг —»д« нќбня ',pos
' @Deema22  ’»«Ќ «бдж— √ќ  ѕнг«  «б«—ѕднжд »Ќ«ћ… «бм ≈Џ«ѕ…  √енб бгЁежг «бѕнгё—«Ўн… жя–бя «б√жбжн«  ',pos
' @mohamed_shatla @zynabAlshair_ @mariammoslemany жббе жб« Ќбже жб« Ќ«ћ… днбе »—÷е «бд  Ён г’— яѕе ќ—е ',neg
' жЁ«… «б‘«» Ќ”д «бЏ—н»н г √Ћ—« »ћ—жЌе http://t.co/GDxl6idtaw ',neg
' 40  «бЁ ё нб Ён #”ж—н« ќб«б Џ«г 2014 http://t.co/XtnMljyxNG ',neg
' @Lunica_MJK н«’»«Ќ »—жѕе ',neg
' @inass36998754 —жЏе н« –жё ',pos
' б«  яд ж«ёЏн Ё«бж«ёЏ “»«бе D: ',neg
' @i_N1_A @azizoo44 ж»я—е ѕе еннћм «г е њ ',neg
' @OmnyaMagdy ћн н Џбн «бћ—Ќ ћ«гѕ ',neg
' г« √ЁбЌ Џ”— »нд нх”—нд  »Џжѕ я н««« ( гЏ«– «б«—ѕд ) ”«бг« џ«дг« ”дд”м √бг «бѕгжЏ жЌ—ё… «бёбж» Ён «б√н«г «бЏ’н»… ',pos
' «ѕн дЁ”я break гд яб Ќ«ће гдяѕе Џбня ',pos
' »Ёя— «ќдё «бгня«днян. ',neg
' @yassirashour @salbarghouthi еееееее «д« ж’Ќ»« н  г ‘ѕд« гд «б‘«—Џ »Џ—Ё‘ янЁ жќ»жд« Ён гя »… бЌѕ г« ёѕ—д« дЎбЏ  «дн ',neg
' ћ«бн ‘«Ќд √’бн »ѕб ««бн »«ў #гЏ«н«_‘«Ќд_√’бн_б« ябгдн :D ',pos
' —»шц √”у√бя  Ќнц«… ”уЏнъѕ… »Џцнѕъ… Џцдъ ябшц гъяу—жхе жёц—н»у… гцд яхбшц Ёъ—Ќ   ж÷цЌяу… б√еъбъну ж√Ќц»«»ъну ж√’уѕё«∆нъ ж«бдшу«”ъ √ћцгъЏнцдъ ',pos
' @mohmedsob7y @MamdouhZaki_ @waelabbas «д  Џ«н“  ÷—»  «дн н« ж«∆б н« «»д ѕнд «б»ћЏ…њ ',neg
' @abo_lregal  #гжбѕ_”нѕ_«бќбё_«бЌ»н»_гЌгѕ_—”жб_«ббе яб ”де ж«д  »ќн— Ќ»н»н «Ќгѕ ж«еб «б”жн” «бя—«г http://t.co/MScGDuaPrf ',pos
' @EgyYellowPages   ёѕг «бгедѕ” ћ—ж» ћбм «б—ќ«г ж —ян» ж бгнЏ «б»«—ян… ж ‘Ўн»«  жѕняж—«  ЌѕнЋ… ббЌж«∆Ў  г :01001130755 http://t.co/XTRNXpJAEF ',neu
' @El3atar62 «бег «гнд  ”бгбм н«—» ',pos
' ”б«г: бб”Џн ж—«Ѕ яб г« нћгЏ «бябг… ж«б’Ё http://t.co/LUvy5pIStQ ',pos
' Џ—нё« : гћб” «б«гд н’жшц  Џбм г‘—жЏ «бѕжб… нжг «бћгЏ… «ж «б«Ћднд «бё«ѕг http://t.co/KWbg1hbZQM ',neu
' ”Џнѕе ћѕ« ',pos
"' """"""бне «б я»— ѕ«г «б«’б Ўнд :-\"""""""""""" '",neg
' «д  е ћ»бн «б‘бб ж«ббе ',neg
' @Golden_Knight14 яѕе »ём д»ѕЅ дЁя— Ён «бгѕ—» «бћѕнѕ :D ',pos
' @Meshari_kaizen ѕ—” гЁнѕ..‘я—« «” «ѕ г‘«—н ',pos
"' """"""\"""" б«  е гж« »‘нЅ° »б Ён яб ‘нЅ »«б’б«… ж«бѕЏ«Ѕ гЏ «б‘я—° б Џбг Ўб»« яг бѕм «ббе \"""""""""""" '",pos
"' """"""б« √Ќѕ н‘Џ— »г«  ‘Џ— »е° жб« √Ќѕ н” Ќё «бЋё… . «д ем ?"""""""" '",neg
' @Mona_Khorshed н«—» «б‘ћ—…  жбЏ Ём ж‘я ',neg
' . «ббе нж’бдн »«б”б«г… бб»н  ',pos
' @MahaAmer88  ћгнб ћѕ« Џдћѕ ',pos
' ё—Ё Џ« б’»Ќ  . ',neg
' «бн гд ≈нѕе..«ббе н“нѕе ',pos
"' ""@OffTheHookPain @Grgeraa \""""жЎ»Џ«р “н г«Ќ÷—« яж ‘«нЁнд џ÷» —»д« д«“б Џбн «ге« «еж\"""" :D '",neg
' »ѕн «Џгб  »ѕн «”жн  »ѕн √ѕж— ... «бќ «бдне ѕ«нг« гжћжѕе Ён яб ж«Ќѕ гд« ..»” г‘ яб ж«Ќѕ »ѕ« нЏгб ЁЏбн«  ёѕн‘ ≈»  Џ» » б«ён ',pos
' ћгнб √д   Ќѕм «бЌ“д »≈» ”«г…...б√д —»я »ё—»я... ',pos
' «г ’Ќ» н «жб г« ‘«Ё дн г« Џ—Ё дн ё«б  бн г«бя »ён н ќѕ—е яѕ« #ё’е ё’н—е Ќ“нде ',neg
' @ita7la666 —жЏе ',pos
' @UMaimah1407 ггяд « Џ—Ё н«ћгнб ',pos
' гбќ’ «бг‘—жЏ «б«”б«гм http://t.co/aCvOU41zQ2 ',neu
' @Rmb551 гж Џ‘«д Ё«д бе« »” ћѕ –«  «б«б»жг »н—Ёя  «яЋ— гд «н «б»жг »«бЏ«бг ',pos
' ћЏћЏ Ён –я—м ‘ЎЌ: –я—м «” ‘е«ѕя бд  яжд ’ЁЌ… жЎжн  Ён ѕЁ« — «бд”н«д ≈дг« ен ЁЏб ≈нг«д »б»д«д  http://t.co/mXBxvgT1U9 http://t.co/82CubOc475 ',pos
' @saroa_1  г«г ж«д ц њ? ',pos
"' ""\""""@FilGoal_Live :ж«∆б ћгЏ…: ≈д»н гд«Ё” «б√ебн Џбм «бѕж—н http://t.co/VaLpZT74RY\"""" жд«ѕм «б« Ќ«ѕ Ёнд њ '",neu
' @kasimf »‘«— «”—«∆нб  —нѕе б–бя еж гѕЏжг «б’е«нд… н”Ў—жд Џбм «бЏ«бг ',neg
' —∆н” ћеб«Ѕ г’—« е н»ЏЋ жЁѕ«р «бм «беб«б «бдЁЎн нЎ«б»ждег » ”бнг «бгж«д∆ «бдЁЎне бЋж«— г’—« е ж√б« ” Ќ—ё Џбм »я—… √»не« .!  ‘ябег «н Џ«Ўж« .! ',neg
"' ""I\""""m at ”бг «б’Ќ—«жн https://t.co/QZVHMOEDfG '",neu
"' ""«»н «Ќ–Ё »Џ÷ «бдг«–ћ «б”н∆е Џдѕм ж«Ќѕ\""""нћн» Ём ’ж— ѕЏ«—…»‘яб егћн ћѕ«\""""жбн” нЌ «ћ бгж«”«е ж е–н» ж«б«ќ— н÷Џ ’ж— «Ќ–не »’ж—…«б‘ќ’не ћеб жёб…«ѕ» '",neg
"' """"""«Џгб «не ° —»д« н” — »ём Џ‘«д «бж«Ќѕ «’б« “её«д"""""""" '",neg
' @Arch_Mo7ammed  «бЌ» ябе бня ???? ',pos
' @AhmdHmid «д  е б ег «б pile Џ‘«д  Ќ —г дЁ”я ж   бг -.-.. «Џёб н« дћг :* ',neg
' е«д  н« гЏ«– Џдѕн √гб я»н— ќб«б «бнжг д”гЏ ќ»— “нд  #ќбя_д”— ',pos
' #Ќёнёе_Џбгне_гƒяѕе : гд нЎбё Џбнег гд«Ё”м «б√ебм .. √д г √Ќё№№— &lt;3 гд √д дяд бяг г‘«Џ— «бЏѕ«Ѕ :) ',neg
' бу”ду« ”хжм √—хж«Ќъ ”у хё»÷ъ Ёцн √нъ буЌўу… ....  Ёуну¬—у» ду”х√бяу Ќх”дъ «бќу «г.... ',pos
' «бё–—… #Ё«Ўг…_д«Џж  Ён «бядн”…  ‘«—я «бд’«—м Ўёж”ег !!! http://t.co/RUgAIzulaV ',neg
' ѕ« »ћѕ «–«дн ќ”«—е «д« Ёне ',neg
' @ibra_official93 «б«г Ќ«д я«д Ќбж жб« «не «бдў«г њ ',neu
' Џдѕ «б‘ѕ«∆ѕ дЁЌе Ёне «б—÷« ..ж »е нЎн» гЋж»… «б—Ќгд  «б’»— гЁ «Ќ б√»ж«» «бЁ—ћ ...‘еѕ  »–«я  ћ«—» «б«д”«д  #“гд_«б»—џж   «бЌбё… «б«ќн—… жѕ«Џ« ',pos
' @dadoshembesh ж«д« —«ёѕ »жбн я » «б жн  нЏдн г‘ «д« «ббн я » е ',neg
' @essa11239 г”«Ѕ «ббнб ж”г«е ждћжге ж«г—е ж‘г”е ж”е—же ж«д  жгд  Ќ» «ббе н«” «— Џбня ',pos
' н« #≈д н  б«  ‘жЁн Ќ«бя Џбнд« —«” г«бя «яг ”де ж» Џд”н еЏ еЏ ',neg
' Џ«ћб «е«бн Ўеж«н Ён «д ў«— «бдћг гЌгѕ ‘«енд #MinaAtta #MohammadChahine #ElieElia http://t.co/AlTKLKMBnJ ',neu
' @uwu70 –нб «бяб» г‘Џб ж«ќж«де ',neg
' Џбн Џћнде «ќб«Ѕ ”»нб «ё”г »«ббе жЌ‘дн ',pos
' @8o0otshy ’ѕё н. “нд  «бЏёб. г”«я Џ”б ',pos
' @AH24x ”бг Џбне ёжбе  Ќ»дн њњ ',pos
' ”ёжЎ ё нбнд »Ќ«ѕЋ ”н— Џбм «ж ж” —«ѕ #“џ— « #«еѕд  http://t.co/ivEDBS7m4A ',neg
'  «—нќж «»н÷ жг“ж— ябж гд‘ж— ',neg
'  Ќн… ббѕя ж—… Ё—ќдѕ… Ќ”д.  ’—нЌе« »ћ—»ѕ… «б «нг“ »√де« г«“«б   Ќ» «б”нѕ… ”ж“«д г»«—я ж ёѕ— ћежѕе« √Ћ»  √д ” «  г’— —ћ«б…. жѕ—” бб≈Џб«гннд ',pos
' ябге «д« »Ќ»я ѕм Џёѕ. .. «бжЏѕ »«бћж«“ «я»— Џёѕ .. ',pos
' Ќ»ндн жб«  ёжбн ’џн—е ',pos
' —жѕћ—“ нЌѕѕ г” ё»б »«бж нбн гЏ бнЁ—»жб ',neu
' ЎбЏ ж« гдЁжќнд Џ«бЁ«÷м ',neg
' @uae_beauty1 Ќёнё… «б—ём «б”бжям нўе— Џдѕг« нџ÷» «бЁ—ѕ Ё≈д я«д —«ём «б”бжя нўе— ж«д я«д ”н∆ «б”бжя нўе— ',pos
' »нЏѕн «бжё  еж« ',neu
' гд– г«∆… Џ«г ж«б√г…  Џн‘ Ён г“»б… «б «—нќ . ',neg
' @yasserelhawary1 ег« џбЎж ж«џ»не ..«б”н”н гЏгбе«‘ бнењњ ж»Џѕ яѕе «нѕ е Ён Џгбе ',neg
' @alialgofaily яб Џ«г ж«д  »«бЁ ќн—?? http://t.co/pzL1GqaGID ',pos
' «бЌ«ћ«  «б’џн—…   “н гя«бг… Ќѕ џ«бн Џбня “н »ж”  г‘ г жёЏе  “н Ён ж”Ў «бяб«г нЎбЏ ябг… Ќбж… гд «бёб»  ж’Ё гя«д я Џдѕе Ќ«ћ«  ’џн—… » Ё—Ќ «жн ',pos
' @hamedabdu31 @Wrda290 г”«Ѕ «бќн— Ќ«гѕ ',pos
"' ""@DrDimashqiah @deeb1_4 «б–н Ќ«жб #гЌгѕ_»д_Џ»ѕ«бже«» “ж—« жя–»« «б’«ёе« »Џёнѕ… √еб «б”д… жен  Ёжн÷ \""""«бћже— ж«бЏ—÷\""""  Ёе–« ѕг‘ён… еж «бћ«еб '",neg
' н«ћѕЏ«д «ббн енд“б ’ж— »д«  Џ—н«де ж«Ќ÷«д ж»ж” жбяб«г  ѕее енб»” гнж  г«Џѕ« »дѕё нЏгб «ббн еж Џ«ж“е ? ',neg
' https://t.co/ejrK7Vc48D  енѕ« «б«д”«д гЌ —г ж»ќ» џ«ѕе жўнЁ е геге ћѕ« бџ«ѕе @tamer_zainy ',pos
' @QPezYq3WDtyM6VY @mennty_ «бЏЁж «н «” ‘«—е «д« гжћжѕ «д« ж«бѕя ж—е ',pos
' #ILoveSuperJunior #WineLoverIsOnlyForKyuMin »Џѕнд «Ќд« ÷ѕ «б«Ќ б«б «б’енждн «ббн »«бёѕ” «бЏ—»не ',pos
' #ArabsGotTalent «д« »Ќ»я н« Ќбгм ж—»д« »ќбня бнд« «Ќгѕ Ќ”д г’— ',pos
' 1. ехг« г‘ д«жннд н’бЌшж« ‘ж«—Џ  ж—нб »ём . ',neg
' «ббег «дя ЏЁж  Ќ» «бЏЁж Ё «ЏЁ Џд« ',pos
' @Ahmad_ElSherief Ўн» яжн” «дя ёжб бн Џ‘«д дЏгб Ќ”«»д« ббг—… «ббн ћ«н… :D ',pos
' ж«ббе яжн” «д «бд«” б”е Ё«я—е «д Ём —» гжћжѕ ',pos
' @walidasamra еееееееееееееееееееееееееееееееееееееееееее «г———————————— ',pos
' гжће яжгнѕн Ё Ќ  н«»« еее ',pos
' @ChristineHany1 @4e70c4f834b443c @Horyah9 Ў» «не «ббн Ќ’б  «Ќян »«б Ё«’нб ',neu
' г«Ён ѕ«Џн  ббяб«г «бя нн— гд ѕжд гЏдм ',pos
' »ѕн »Ў«—н… » ÷б бб«»ѕ ',neu
' @MagedSaleh ћѕб ж‘ ',neg
' џ»«Ѕ #ArabsGotTalent ',neg
' «б»” ж ќ—ћ ж «—»Џе дЏнг« ееееееееееее ',pos
' #«б√ебн н гдм «бЁж“ Џбм #г’—_«бгё«’… 1-0  http://t.co/3X4ViJ1eld #г’— http://t.co/gMNSG1vtSH ',neu
' еж «д« √”ядѕ—«дн «е »” «б√ Ќ«ѕ д«ѕн ж ћгеж— жб«ѕ г д«я… ',neg
'  «г— Џ«‘ж— ?? ',pos
' «‘я—я ',pos
' @ahmadaggad @HananDabbagh ’бм «ббе Џбм Ўе ќн— ќбё «ббе ж«Ќб«е« ',pos
"' """"""жЁн «б’ЁЌе «б√ќн—е гд я «» «б√н«г  ЏЁж«р б« Ё—ѕ ћд«Ќя б√Ќѕ° Ёб« ’ѕнё н’ѕё° жб«џ—н» н»ём° жб«ё—н» нжЋё »е."""""""" '",neg
' гнд «бм я«д »нЎгд ёб»я бг« яд м » »ём ќ«нЁ… ! #’«Ќ»_ жн —_»нж“Џ_Ёжбж—“_де«н…_«б”д… ',neu
' «я — «џдне » Џ»— Џд «Ќ”«”н »ня «бЁ —… ѕн .. ',neu
' Џ№№№н»  б№№уг√ н»№№ён —»д№№« ё«б(≈д ян№№ѕед Џў№№нг«)  ж√д №№№н  д№№№«гн гЏ№№№нЎ… »”№№»» ж«Ќ№№ѕ гя ƒ»бе –я№№— Ё№№н «б»Ў«ё№… #»«бж«”Ў№№№№№… ',neg
' ÷«ё  «жжм н« —»м ЁЁ—ћ »Џ“ я ! ',neg
' Џг—я ёжб е« ѕн е«е  яб» &gt;_&lt; ',neg
' яб «‘н гжћжѕ бЌяг…. ',neu
' - б«“г  –«я— .. б«“г  –«я— .. б«“г  –«я— .. б«“г  –«я— = яЁ«не яЁ«не яЁ«не http://t.co/rT80JBDbWr ',neg
' «д« »я—е «б«ќ н«— —ёг ’Ё— ',neg
' @hamido_elmagic  г 10 :) ',neu
' #ZDRSEDK4 ж«ббе «д ќ—жћ ж«”«ге гд «б»—д«гћ ќ”«—е  «бЌгѕббе Џбм яб Ќ«б  «ббе нЏж÷е ќн— ',neg
"' ""г»Ќ»‘ «Ќян Ќ«ћ… ќдё«дн бЌѕ ж нёжббн \""""ябд« яѕе\"""" «д« г‘ » д«Ё” гЏ«я гнд «ббн гќджё «я — '",neg
' @22mosalah «д  е —жЌ «б«д — »ћѕ н«я«» дд ',neu
' г‘ еќ«Ё гд «ббн ћн  Ё—Ќ н  дж— ”г«н« гег« няжд     Ўжб г« «Ќд« жн «б«Ќ»«» яб ’Џ» Ён «бѕдн« ггяд нежд  #«”гЏдн  #’»«Ќ_«бќн— ',pos
"' ""√ду« бу” х гцгшуд ну џуншу—жд бцгхћ—шуѕ √дшцн \"""" губуб х \"""" гцдехг .. √ду« б« √ џншц— ≈б« Џцдѕугу« √—ум √дшу гуя«дн буѕнег ёуѕ  уџншу— ..!~ '",neg
' @brika_mohammed гд ',neu
' »яжд Ён »ж нд‘«б б’ѕ«ё… »”нЎ… ж ћгнб… » дЁёЏ «”Ёнд »ЎбЏ гд ‘»я —«”я »бЏд ”д”Ёнб ѕёя ж» ЎбЏ ќ—« ёѕ«гег √ёбя!! ќ—« Џбня/н ж Џбне/« ',neg
' #« Ё—ћ.. Ёнѕнж: ЎЁб…  ёбѕ ў«»Ў ћн‘ »Ќ—я«  Ў—нЁ…  ‘«еѕ «бЁнѕнж Џ»— «б—«»Ў.. http://t.co/zTCmxf35ne http://t.co/JbOOpvMKlj ',neu
"' """"""\"""" гЏ —«∆Ќј\""""… «б’»«Ќ Ї нжбѕ ббЌн«… √гб ° ЁёЎ «» ”«гј\""""… гЏ »ѕ«нј\""""… яб ’»«Ќ ћгнб ? ж»я √’»Ќд¬ н« ???№еФ\"""""""""""" '",pos
' @ Nohasherif11 @ 123Radwa ж«бн г‘ Џ«—Ё н–« я— ',neu
' @TasneemAhmed49 н«г« бнЋ г‘ Џ«гб Ёжбж бб нг » «Џ… «”я н ѕе «д« еЏнЎ #LaithAbuJoda ',neg
' я”г гЌгжѕ Ў«е— ж я”г «б≈ Ќ«ѕ ж я”г ћгеж—е !! ',neg
' н« ќ«бё «б”Џ«ѕе. √—“ёдн Ён÷« где«. ',pos
' @nadnod9 «Џгбн —н жн  »” ж «д« еягб ',neu
' »няѕ»ж« «б’ѕё «г« «бя–» н ’ѕё ',neg
' ”Ё Џбм дЁ”я ‘жн….. ',neg
' я н— «гж—е http://t.co/QfcKTDTwH8 ',pos
' г ябг‘ Џд —ѕ ЁЏбн .. ‘жЁ ЁЏбя «б«жб ж»Џѕе« «ябг  б« ’Ќ «д  «’б« г‘ » ‘жЁ дЁ”я џбЎ«д ',neg
' @dodo_elsebaii @manalmesalatti @Dandona501123 ќб«’ »ёе ѕ« «д ж Ё«д“ дяѕм »’ЌнЌ o.O #DoaaElSebaii √ем √н«г ж—«Ќ  бЌ«бе« ѕЏ«Ѕ «б”»«Џн ',neg
' ‘ё… бб«нћ«— Ён √»ж Џбн« Ў»—»ж— 150 г — 280 ѕнд«— Ћб«Ћ џ—Ё джг ж«Ќѕ… г«” — Ћб«Ћ Ќг«г«  ’«б… ж’«бжд.. https://t.co/AVLQUA7mLE #«б√—ѕд ',neu
"' ""\""""@anismansoir: \""""Ё√д« √Ё«ћ√ яб нжг »«дЁћ«— бџг Џ«∆г Ём »Ќ— –я—н« м\""""\"""" '",neg
' «—«» ћж   «бд  «бде—ѕ… Ќбж… ж«б»д  ’ж е« Ќж«—  ” «еб  ж’б ',pos
' @arwaalhaj90 @ShenawyMohamed ’Џ» яѕ« «ёжб «де «еб«жн .. «бж«ѕ ѕ« еж жЏг— ћ«»— ќЎ «Ќг— «б’—«Ќе Ё гж÷жЏ «б«д г«Ѕ ѕ« ',neu
' ћг«б «бџдѕж— « Џ’» ',neu
' @nnn140140 Џб‘«д —«” «б”д… ж «б«Ќ Ё«б«  Џдѕег ',neu
' Ќнд нё хбх «б»ё«Ѕ яхб «б√‘н«Ѕ «бћгнб… н’»Ќ «бжѕ«Џ ?у?х??у? ',neg
' ‘ябе ”ƒ«бн гЌѕ‘ «Џ—Ёе ...«бн ж«Џн «нћ«ж»дн ‘д ё’е ‘»яе «бб»н«д« ',neu
"' ""@raafatelsawy @a7mdabdelrahman   Џгб бе «дЁ—ндѕ   «’б«  :\""""D '",neg
' @LM10HD ееееееееее б« г””нЌн яб» ',neg
' √д« ”Ў—нд » ё—«ег яѕ« Џбм «б’»Ќ.. н”н»ж« ћж« гдя ‘∆.. »ё«»бя Џ «бЌнЎ«д ’ѕЁе.. Ё яб гя«д ж «м Ў—нё.. «д« «б’ж  «ббм ё«б  џн— ',neu
' @ranasamaha9t яб ”де ж«д м »«бЁ ќн— н« —джжж‘ м —»д« н”Џѕя Ќ»н» м Џбм ёѕ ћг«б ёб»я ж—жЌя «бЌбже жнќбнбя «ебя ж яждж« ѕ«∆г« г»”жЎнд??? ',pos
' “её  г «бг–«я—… гЏ ≈дм б”е г–«я— ‘ Ќ«ћ… ! ',neg
' гЁн‘ Ќ«ћ… гд —нЌ я е —ѕбм дж— Џнд ≈дЎЁ  ',neg
' ќб«÷ ег« ‘ня«»«б« ж «»—«енг Ќбжнд ж«бЏ«бг ябе ће Џбнег Ё «б»— џ«б н« ћг«Џ… !!  ‘ннннн  ',neg
' жЌ‘дм ’ж я гЏ «дм »”гЏе ѕ«нг« »«џ«дня »” ÷Ќя я «б»—н∆е же“«—я жЌ‘жжжжждм :( #гЌгѕ_‘«енд http://t.co/HemeUwXSvK ',pos
' #StaracArabia #MohammadChahine #MinaAtta https://t.co/EsZf7FwCLL ≈” ё»«б √”Ўж—н бгнд« ЏЎ« жгЌгѕ ‘«енд »гЎ«— «бё«е—е ',neu
' Ќ м «б’»— гЏ«я Џ–» е ',neg
' Ќѕ ‘«нЁ «б»жё ѕе «б»жё ѕе гн —”г‘ џн— Џбн едѕ —” г http://t.co/MVwoEWhvfe ',neu
' н«—» н”””— бн «бќнн— ЌнЋ я«д ?? ',pos
' @Ganna_Hany гЁн‘ Ќѕш ѕг«џе Ё«÷н… .. »” «беѕжЅ Ќж«бняц Ќ н бж яд ц г÷«нё… Ё еж »нежшде« ж»нѕнян г”«Ќ… бб Ёян— »—«Ќ… .. жея–« «беѕжЅ г—нЌ ћѕ«р ',pos
' ж«д« нжгм гнябг‘ «б« »ня  ? ',pos
' ж«бЌбг жн«н«..ж«б–я—м жн«н«..жгд »нд я »— Ќя«н« ..Ќя«н д« ѕм Ќя«не.. ',pos
' @maroc_coco @EmaAbuyousef яб ћгеж— гнд« я«д »н’ж  б‘«енд ж«д« «жбег ',neu
' ≈бен жЌѕя √д   Џбг г« »ѕ«ќбн гд Ќ» бе« «—“ёе« гд ЌнЋ б«  Ќ ”» ж«Ќгне« гд яб ‘— #IbtissamTiskat http://t.co/jdebMxSnPD ',pos
' «ббег «—“ёд« ”Џ«ѕе бг  яд Џ«б»«б ',pos
' «бЁё— гЏд« ќн— гд гЏ џн—д«.. ж«бё б гЏд« ќн— гд «бЌн«… гЏ џн—д« ... «б«г«г «б’«ѕё (Џ) ',neu
' Џћ»  бгд Џбг √де г дёб Џд ѕдн«е янЁ б«нЌ”д «б “жѕ б√ќ— е.... «б«г«г Џбн (Џ) ',neu
' Ў» «ёжжбяж Џбм Ќ««ће:D. ж«д«« »”бг г‘ »Ќ÷д «б«« «бд««” «б »Ќ»ег?. ',pos
"' """"""жб« Џ‘  «б√г«д «б« гЏя  ѕ—н ° жбж «ё÷н «бЏг— ћд»я «Ќ” »ѕ—н"""""""" '",pos
' «бгег ≈д «бяж—… Ќн«… *_* ',pos
' я«г ж«Ќѕ Ёняж« »нЌбг н гдм няжд гя«дн ! ',neu
' б”  Џбм г« н—«г ',neg
' @QPezYq3WDtyM6VY »нўе—бя «не ',neu
' ё‘Ў… ',neu
' «ббег Ёя я—»н жя—» яб гя—ж» н««ббе ',neu
' «Ќд« «’б« ћ«ннд  жн — Џ‘«д д‘ гяг »ѕжд г«  ќѕж »«бяг жбж ќѕ же ≈б»”же  ѕЁж »не »—÷ж гн÷—‘ ',neg
' Џ«—Ё ≈д  бг«  ћн» √ќ—я гЏ √я — Ќѕ » Ќ»е жЁм дЁ” «бжё  г‘ Џ«н“  ќ”—е ',neg
' @DohaElDesonsyy  н»ём —жг«д”м ',pos
' «ббехгу √—“ёдцн »Ё—Ќу…  ућЏбхдцн √”ћѕх буяу »у«ян«р   ! ',pos
' @kkansaa1 ќб«Ё… «н… н«г… «д н Ёжёж« »ён ж«Џ—Ёж« «бѕнд «бЌё ж«д г «ѕ—н »«г— ѕдн«яг н«г ќб«Ё… «д н ',neg
"' """"""ћ√ѕбждм »я г—¬—√ ° Ё √ќ»— ег √дя [гќ бЁ ] Ёќ–б дм ..!!"""""""" '",neg
' «бёѕ—… Џбн  Ќжнб «бЁ‘б «бн дћ«Ќ «Џўг »яЋн— гд «бдћ«Ќ –« е ',pos
' @RassdNewsN ѕ«ен…  «ќѕяг ябяг ',neg
' «Ќбн г”« ',pos
' @merahalim15 б”… ед« ',neu
' @el_khalifa91 г‘е—ѕ н« Џг «бЌћ http://t.co/Y7JOzD0zvj ',neu
' @girlls90  ж нќбням бн н« »д  Џгж Џжн” &lt;3 &lt;3 :* :* ',pos
' ж гЏ «бжё  е Џ—Ё √д √н Ќѕ Ён Ќн« я ггяд н»нЏя Џ‘«д Ќѕ ћѕнѕ ѕќб Ќн« е Џ«ѕм ',neg
"' ""\""""@AlAraby_Gulf: гб ём «бгбЌѕнд «б√жб Ён... гяш…  http://t.co/S4TlMJl4eE  #гб ём_«бгбЌѕнд_«б«жб_Ён_гя… http://t.co/HiNQHIxXeC\"""" '",neu
' ’«Ќн «б”«Џе 10 ж »»ѕ√ ѕбжё н ',neu
' «д« г Џ» ‘ Ўжб «б”де ж ћ«н —ё» н  »жў яѕе ѕбжё н.. «бЌгѕббе ',neg
' гнд Џж“е http://t.co/mA8moy3UHy ',neu
' @MagedSaleh ёЎЎ е‘«г»ж http://t.co/YRTN7Q3Fyt ',neu
' «бгб«ннд √»я  «бЁнѕнж. ',neg
' «д  Ё«‘б ж ÷ЏнЁ жЌћ я ÷ЏнЁе Џ‘«д яѕ« » ѕ«—м ж—« «бЁ«ўя «бд«»не ',neg
' @mibrahimoff «жЏм н« Ќ«жм  —жЌ «б«ебм   «д  “гбя«жм ж—г“ бд«ѕм «б“г«бя ',neu
' @dotmsr «бдў«г «бё«∆г гѕЏжг ‘Џ»н« н« «” «– жгнд ё«б бЌ÷— я «д «б”н”н ж«б‘Џ» Џ«“ н—ћЏ «бЏб«ё«  ежгнд «’б« «бн Ў—ѕ «б”Ён— «б«жбн г’—жб« —ян« ',neu
' @Doc_nos_com  яд  б”е »џдне« :-D ',neu
' н«««««««««««««—» ж жЌѕя  Џбг «б»«ём ? ',neu
' гЁн‘ «Ќбм гд «бЌяг «ббн » ЎбЏ Ён ѕг«џя ж«д « » –«я— :D ',pos
' е №гж  џ’№»д Џдя —Ќ » гж . ',neg
' @AmanyKasem1 «д« Ў»Џ« ',neu
' #«нже »ё«  гЁ м «бћгж—н… нћж“ ”Ё— «бг—«… ббЏгб »ѕжд гЌ—г http://t.co/TdIk3DiNBi ',pos
' @DeshaDosha1 ”н»я гд ѕн «бё»бе« «б»«’… «жЁ”«нѕ жб« б√њ ',neu
' @MeMiMaRiam бг« нбџм еѕЁнд ’ЌнЌнд н»ём «не њ ѕе бж я«д бняж я«д “гдяж «д”Ќ» ж гд «бг« ‘ ',neg
' Ќбже н« ”Џѕ ',pos
' гд я — «бег √»ян ж ёжжжб н« гжб«н ',neg
' Ёж“м ж»н”г»н” нжг «б”»  ед‘жЁ ',neu
' @Caza_Blue б«д г’— » Џ »— «—«»нб Џ—«ён… http://t.co/jBKKAIKOdA бяд я—ѕ” «д ‘«нЁ… дЁ”е« ѕжб… г” ёб… Ќ«бн« . ',neu
' @nona_mesho @rinarona84 джд« «д н » ѕќбн гд «бЁжд «янѕ ’Ќњњњ #MinaAtta_on_cbc гнд« ЏЎ« ',neu
' н«—» ѕќбдн ћд я гЏ ёб» гд √Ќ» ж»ћ«д»е ',pos
' ”ж”д гд джЏ «б»д«  «ббм »н џдм Џде« .. ',pos
' @mohamed_naieem ѕм ћжѕ е« «бЎ»нЏне гЁн‘ «Ќбм гд яѕе ж«ббе м »дм :-D :-D ',pos
' @SOoMemE б« бж «д н «дѕ—жнѕ еж »«нў Џд «бяб ',neu
' «бЌгѕ ббе Џѕѕ г« я«д жЏѕѕ г« няжд жЏѕѕ «бЌ—я«  ж«б”яжд ',neu
"' """"""≈” нёўж« ж –жёж« ћд… «бѕдн« °  ќ”—е« гд я«д д«∆г«  едн∆«р бцёбж» ”ћѕ  б—»е« Ёћ—«   ’б«е «бЁћ—. ’»«Ќ «бќн—"""""""" '",pos
' @chirineabdallah  ‘я—« Џ яб«гя «бћгнб ',pos
' Ё« ..гд Џг—н..”днд..‘Ё  я н—...жёбнб Џ«‘ёнд ..«бн »н‘ян Ќ«бе..бЌ«бе.....ж«бн »н»ян..Џбн гж«бе...«еб «бЌ» ’ЌнЌ... г”«янд......#ябЋжгн«  ',neu
' √д« бЌ»н»н.. жЌ»н»н бЌѕ  «дн ! ',neg
"' ""#«бжЎд   \""""гЏ«\"""": «бћн‘ «б≈”—«∆нбн  жџб ‘—ё —ЁЌ »‘яб гЌѕжѕ  http://t.co/3qZut0RjSz '",neu
' ж √жЌ‘ Ќ«ће «бџн—е «ббм » ћнбя Џбм Ќѕ г‘ » «Џя ж б« »ём нќ’я ',neg
' «д« ёѕж м «бЌг«г… «бя”б«д… «ббм » Џѕм «б‘«—Џ Џбм —ћбне« »ѕб г«  Ўн—. ',neu
"' ""???? ??????\""""???\"""" ??? ???? ????\""""????? ??? ????ё…\"""" '",neu
' @mero_mo5 @egyptok Ќ»н»д« ? ',pos
' г« ‘«Ѕ «ббе http://t.co/Ann5NqaNML ',neu
' «бЏ» ж «я”» ',neu
' гЌгѕ ‘«енд #гЌгѕ_‘«енд  #HBD_chahino_starac10  #MohammadChahine rrr ',neu
' @omarmamdoh89 @AhmedTarekabofa «д’—… н« —» «бЏ«бгнд ееееееее ',pos
"' ""@20fourMedia г—«её… џ“«жн… »нд «б‘ќ’н«  «бг«∆… «б√яЋ—  √Ћн—«р Ён «б‘—ё «б√ж”Ў \"""" г«ен џ“… Ќбже «еж '",pos
' @gam_2015   џж«’… «г—нян… –е»  б я ‘Ё гжёЏ Џ–«» ёжг бжЎ Ём «б»Ќ— «бгн  ж«бгЁ«ћ√… г«–« жћѕж« Ём ё«Џ «б»Ќ— ! http://t.co/Ee7egKaV0H ',neu
' еж г«Ён‘ џн— «г ћгеж— «б“г«бя Ён «г «б»бѕ ѕе  #«бЌ—не_бћгеж—_«б“г«бя http://t.co/yLeXHq3x82 ',neg
' Ён «бџ«б» яб «ббн »дя »е »н»ён б‘ќ’ гЏнд жг»нё—√‘ «бяб«г ѕе ! ',neg
' @mohamed45557608 Ўгдн .. Џгб  «не Ё «б«г Ќ«д :)) њ ',neu
"' """"""Ёяб ё’«∆ѕ «б‘Џ— гя ж»… Ён √ж’«Ёця ° жб«яд яб √бЌ«дце« гЏ“жЁе »√ж «—ця ! Ёг«–« нЁнѕ гд яЋ—… «бё’«∆ѕ њ"""""""" '",pos
' #HBD_chahino_starac10 #MohammadChahine  #ShereenYehia  ‘н—нд нЌнм гЌгѕ ‘«енд u are star ',pos
' @MagDyyAhlawy «д« г Ё—ћ ‘ Џбм «бг« ‘ »” ‘ябег я«дж »н Џбёе ',neg
' г‘ Џ«н“… «‘жЁ ж‘ Ќѕ гЁегжг ',neg
' @mezo83 @7amaama »” еж« я«д ћ“Ѕ гд… ж«”жЅ ћ“Ѕ Ён… яг«д еж« «бн ЌЎ «бёж«днд «бн »еѕб д« Ўжб «б”д… ж»еѕб  д«” я н— Џ‘«д ЎбЏ   ёжб —«не« ',neg
' @DR_7ODA_ »«бЁЏб ',neu
' н« ’»н… Џнжде г«» дг‘н ж Ё Џнждя «д н »б «б—нё ... # жг«”_»‘«м ',pos
' @KhaledKhalil64 @gogo1__1 @msmm_95283 @smsm2010361 @bero7365   г”«Ѕ «бЁб Џбня http://t.co/M3H7CB4xgn ',pos
' ќбня гƒнѕ ббЌё г‘ гƒнѕ б‘ќ’ ... ',neu
' @hamdywalaken ≈дћжм ≈џ ’«» н« »н»м:  ',neg
' «б≈”г«Џнбн: ”дЎб» гЌгѕ —“ё жгбнжд ѕжб«— гд «б√ебн гё«»б Џ»ѕ «бЏ“н“ ',neu
' @MustafaHosny Џбне «Ё÷б ’б«е ж ”б«г :)) ',neu
' @NourhanAymanxx «б”ƒ«б ѕе Ён ѕг«џн гд ”«Џе г«ёЁбд« «г»«—Ќ ..еж Ќж«— Ёджд ћгнбе ѕе »ћѕ ! *.* ',neu
' - г«бя н« ”н «б”нѕ - √д« ћ»  √ќ—н гЏ «бябн… ѕн н« √гнд… «бЏ–«» едѕ”… ',neg
' г«г« : –««я—н  »«»« : –««я—н  «ќжн«« ж «ќ н : –«я—н  «н Ќѕ гЏѕн Ён «б‘««—Џ : –««я—н »ён  «д« : http://t.co/DD5nQoYiij ',neg
' @Mohammad_Elazab д«” Ё«÷не ё«Џѕе  Ќ» Ё «бжндѕж“ ж «ббндя”  Џ«бм ‘жЁ «ќжя ж еж »н Џгб гЏ«е «б’Ќ Ё «бЁн“н« :[ г‘ Ё«ег Ќ«ће :/ ',neg
' ёжбм »Ќ»я н« ‘нг«Ѕ Ё «бг«ня. ',pos
' «‘—«— «б”ндг« «бг’—н… http://t.co/VYcX9Ia2B4 ',neu
' ем «бд«” бне »ён  яѕе !! ',neg
'  ё—н»« «бд«” Џ«н‘… Ён г’—..Џб‘«д «б«д Ќ«—Ќ—«г.. #бд«#«ббе ',neg
' #н« —н_гнд_»н‘ж‘_Џ«б‘—ё еб  —ян« е  ’«бЌ жб« гƒ«г—… гд ѕЏ»” ’«Ќ» я‘я «б”ћ«н— е–« г« ” я‘Ёе # ”—н»_«б‘—ё_бгя »_«б”н”н Ён «б”«Џ«  «бё«ѕг… ',neu
' @s_u_zy_512  «б”н”м нќ «— гЏ«ждне »√Џбм ѕ—ћ«  «б —жм ж«б‘Ё«Ён… нћ еѕ ж√ће“ е «б—ё«»н… бгб«Ќё… »ƒ— «бЁ”«ѕ Ё √жя«—ег »ѕж— «бЌяжг… «бЁ”«ѕ г √’б ',neu
' @AmgdAboZeid @OsamaRaft ‘я—«р н« ћнд—«б ',pos
' ‘нбЁн Ћ«дн г—… н”ћб Џбм г—г«е ÷ѕ «ббнЁ— .. «бЏ‘ё «бёѕнг ',pos
' @VodafoneEgypt яжѕ «‘ —«я я«г »ё« жќбн «бpm н—ѕ Џбне Џб‘«д «д « » ёЁбе« ѕнг« :)) ',neu
' @Mohra2el «д« «бЌгѕ ббе яжн” ѕ… —ѕ гд«”» Ё‘ќ »” ”—Џ… «б—ѕ ен «бгЁ «Ќ ',neu
' бг« ѕ« «бћ“Ѕ «бг÷гжд  «г«б «ббм г‘ г÷гжд е«Џгб Ён… «н… *»нд Ќ—* ',neg
' @ShereenYehia10 Ёя—н н« ‘н—ж яжн” жЌ«жбн  —я“н Џбн «бг–«я—е ж»Џѕ яѕе «»ён « ћен ббгж”нён бг«  дўгн дЁ”я »бн“ Ёя—н ',neu
' «ббн енЌЎбн ’ж—… ‘ћ—… я—н”г«” ж ня » е«»н днж нн— —ѕн г‘ е—ѕ ж «бг’ЌЁ г« е—ѕ «д« е‘ г Џбн Ўжб ',neg
' @ranasamaha9t @Mina_Atta_  #Џ«н“нд_гнд«_Џбм_ жн —  #—д«_”г«Ќ…_гЏ_Џг—ж_«ббнЋн  »ќ’ж’ ћг«бяг!!г‘ гЏёжб «д« ёѕ «не »Ќ»яг http://t.co/EFWR1n8P5E ',pos
' @Bosy3bdou @hamdadesigne33 @asmaasalman15 @HosaRehab @sm_amira2 ё»б г«  Ёя—н  ѕќбн   ябгн ёѕ«гя Ќбнд н« «г«  Ёегн яжн” н« «г« г  ябгн‘ ',neg
' #Ќ«ћ…_»” Ё“_где«  «бжб«ѕ б г» Ќгбж‘ б г”∆жбне ... ',neg
' Ќ”ѕж« «б’Ќ«» Џбн бг ег. ',neg
' @22lm22 ё÷« ‘«ќќ »«бћ«гѕ Ё«я—нд ё÷н… «б гжнб «?ћд»м ж √»ж «бдћ« г’— бд  —яЏ √»ѕ« Ёя— дм »ЌдЁм Џѕне« «бг—… ѕм ',neg
' @Tahrir_News н« Ё «Ќ н« Џбнг н« —“«ё н« я—нг √’»Ќд« ж√’»Ќ «бгбя ббе ’бж« Џбм —”жб «ббе ',pos
' бне н«—»н «Џѕ Ён «жб «бгѕ—ћ Ён «б«г Ќ«д ем д«ё’… жг»Џ—Ё‘ «џ‘ яг«д ',neu
' »Ќ» ябг… ’»«Ќ «бдж— ѕм «жм  ^_^ ',pos
' @sassomostafa ѕм  «б  г—… «г Ќде« :(( ',neg
"' ""#«бг’ѕ—  \""""#«бг’ѕ— \"""" д‘— «”Џ«— «бЏгб«  ..ж«бѕжб«— н”ћб 7.17ћдне  ббг“нѕ :http://t.co/bzmopsGTK8 http://t.co/lWqve7XgdW '",neu
' н«Ќ»н»м яб ‘н∆ »ё÷«Ѕ г«»√нѕнд« ќбёд«  Џ”«Ѕ —»г«  ћгЏд« √ёѕ«—д« –«  нжг »Џѕг« Џ“ «ббё«Ѕ н«Ёƒ«ѕм б« ”б √нд «бежм я«д ”—Ќ¬г ќн«бм Ёежм ябЋжгн«  ',pos
' я—е  ж”«ќ я. ',neg
' @antiekaaa «Ќ« «д ж« гЌ»Ўнд Ё‘ќ ',neg
' «д« бж Џѕн  «бг«ѕе ѕн «»ён ÷гд  «бдћ«Ќ «б”де ѕн жбж.‘нб  е»ён ё«Џѕе Џбн «Џ’«»н «б н—г «бћ«н ябе ',neu
' Ём гжбѕ Ё «б»Ќн—… «”ге «»ж Ќ’н—… .. «»ж Ќ’н—… ѕе я«д г ’жЁ нежѕм «ж Ќ»— “м г« »нёжбж« Џ«‘ Ё г’— Ё —… жбЌѕ ѕбжё м »нЌ Ёбж« »«бгжбѕ » «Џе ',neu
"' """"""@Nounitifos  ж«д н Ўн»… н«—» ж Ё ’Ќ… ж”Џ«ѕ… жяб Ќ«ћ… Ќбж… “ня яѕ… :)))) °ж Ќёён Ён «б”д… «бћѕнѕ… яб «бб »  гдне :))))"""""""" '",pos
' - бн” г’«ѕЁ… √д яб «бгд«Ўё «бџдн… »«бдЁЎ √ж «бЋ—ж«  «бгЏѕдн… Ён «б‘—ё «б√ж”Ў √ж Ён џ—» жж”Ў √Ё—нён« ен «б н  Ќжн »ƒ— «б Ё н  ',neu
"' """"""«–« г« ÷Џ  Ён ѕ—» °ЁЁн Џндня Џдж«дн  #Ё«—жё_ћжнѕ…"""""""" '",neu
' «бж«Ќѕ нёжг гд «бджг »” ’Џ» «бджг нёжг где . ',neu
"' ""#«бг’ѕ—  ж“н— \""""#«бѕЁ«Џ\""""нб ём гё« бм #«бћн‘_«бЋ«бЋ_«бгнѕ«дм  бё—«Ѕ… «б Ё«’нб Џ»— «б—«»Ў :http://t.co/lprFbnDZU0 http://t.co/3EYaaKgSDB '",neu
"' """"""Џ«ћб жќЎн—: #«б”н”н нЏ —Ё »’Ќ… «б ”—н»«  жн Ќѕм ‘—Ё«Ѕ ж√Ќ—«— «б‘Џ» ё«∆б«р: \""""√нже »√Џ —Ё.. #«б ”—н»«  ябе« ’ЌнЌ…° http://t.co/ODGFRMFRZT"""""""" '",neu
"' """"""\"""" нƒЋ— «б ѕќнд »‘яб ”б»н Џбм г—÷м «бяжбн” —жб ж«б÷џЎ° б √Ћн—… «б”б»н Џбм жў«∆Ё «бябм ж«бя»ѕ ж«б√жЏн… «бѕгжн…\"""""""""""" '",neu
' @ta3aleb яб ”де ж«д  Ўн» н« я»н— ж”де ”Џнѕе Џбнд« ћгнЏ« ? ',pos
' ге—ћ«д «бя√»… ббћгнЏ http://t.co/CIHb4omZAg ',neg
' «бд«” »ё  жёЌ… бне !! ',neg
' ћгнбе ћѕ««««««««« Ќб«же http://t.co/WiKRUIlEmn ',pos
' @Mohammed_3wad12 @hazemsalim ѕ« Ёя— Ём «б«Ќб«г н« ”«Ќ»м...«д“б б«—÷ «бж«ёЏ н»дм :( ',neg
' гЌгѕ «»—«енг яг«д «Ќ« г«  «ќѕж «»жн« »«бг—е ! ',neg
' #«бжЎд   »«б’ж—  »жяне«  Џ—ж” 2015 ж—жѕ Ў»нЏн… http://t.co/fFQBDqUVMz ',neu
"' ""#«бжЎд   \""""«бЁнжгн\"""": г‘—жЏ —»Ў де— «бднб »№\""""«бяждџж\"""" √’»Ќ ÷—ж—… жбн” Ќб« »ѕнб« http://t.co/tmhQGh4jZo '",neu
' ж ё—н»« ж«ббе «Џбг «бяб«г «ббм »нЁ—Ќд« » бЁ «б«н«г жняжд ”»» Ём “Џбд«« !! ',neu
' @Nouf_a11 ћ«««««««««««гѕ… н« джЁ...»ћѕ «д м Џ«гбе ‘џб  ЌЁ… бѕжѕ...—»д« нќбням бе« жбнд« н« ёг— &lt;3 #DoaaElSebaii  DoaaElSebaii100K ',pos
' дЁ”м «Ё—Ќ жбж бнжг ж«Ќѕ ',neg
' «бжЌѕ… » »ём Ќбж… бг« ≈д   ќ «— ≈дя  »ём жЌнѕ . ',neu
' @N_B_abdulaziz «б’—«Ќ… г‘ Џ«—Ё »” «Џ—Ё «я«жд  «Ќгѕ “«е— Џбн «б«д” ћ—«г   «яннѕ бж бне н»ён Џ«гбе Ёжбж ',neu
' «д« ’Ќн  .. жЏ«н“ « ќ«дё ',neg
' @shabosaif н« —» Џбм Ўжжжжжжжжжжжб . —»д« н“нѕя «д»”«Ў«р ж «д‘я«Ќ«р ',pos
' «» ”г ≈д »Џѕ «ббнб ’»Ќ н— ”г :)) «бЌгѕ ббе Џбм дЏг… «б≈”б«г жяЁм »е« дЏг… ?? ',neu
' гЌѕ‘ »н џн— »” Ёне Ќ«ћ«  я н— √жн »дќ”—е« ..Ё»дЌ” «дд« « џн—д« ',neu
' «Ќгѕ —“ё ж«Ќгѕ Џнѕ я«д Џдѕег »Џѕ дў— Ём Ёнбг «жЏм ж‘я бг« ё«бж« г’—н д« жЎдн д« Ќг«е« «ббе Ќг«е« «ббе —Ќд« Ём ѕ«ен… «д ‘«Ѕ «ббе «д ‘«Ѕ «ббе ',neg
' @AlfalstiniahCh  «ббе н‘Ёне«« жн‘Ём яб «бг—÷м н««—»  ”Ён— «б««д”«дн… #гЌгѕ_Џ”«Ё ',pos
' Џб‘«д «д  « Џ—Ё  Џбм ж«Ќѕ ћѕнѕ жгнЏ—Ёя‘ жб« нЏ—Ё «дЎ»«Џя Ёб«“г бг«  Џгб Ќ«ће н —нё Џбня г« еж бж я«д »ћѕ ’«Ќ»я я«д Ќ«жб нџн— гд  ’—Ё« я ',neu
' @emankorayem2 дж— м :D ',pos
' @philippe_bassim @JassimAlkenane @hajjabumhmd @Nawalll11  –я— Џдѕг« ѕЏгж« «б«Ёџ«д бгЌ«—»… «б”жЁнн њ бг«–« бг нѕЏгжег «б«д бгЌ«—»… «б«г—ня«дњ ',neu
' @DodoOMG @StaracArabia «нж… ж «д« е‘ћЏе«« нб« »ём ',pos
' @ReeMuhamed @mo7amed_3ssam г«бяе« ”«жн—” ',neu
' ??ш? ?????? ??? ???????? ?????р ',neu
' @salembenz @Simaamac »«бгд«”»… ћ«еб бн”  »”» «дг« ем  ж’нЁ ббЌ«б… ',neg
' @afrOtOBallana « ќгѕ н«÷ нб« џж— ',neg
' @SalyAhmed786  Џ«бм ќ«’ н« Ё—”е ж «д« «—÷Џя “»м еня ',neg
' —»я бг« н—нѕ ',neu
"' ""б« ёх»бе  ‘»Џхдн жб« Ќ÷д н—жндн.. Ё «бёх»бе  “нѕх бен» ‘Ё н ж«бЌ÷д нх‘Џцб »ћ”ѕн \"""" ѕ«∆г«р ехд«я  ягбе б–н–е '",neu
' @Alzahrani_Yaser @DoaaElSebaii #DoaaElSebaii «нжжжжжжжжжже »ём г‘яж— Ќ÷— я б«е г«гя »дћг д« ѕЏ«Ѕ «б”»«Џн «Ќбм ѕЏ«««««««««««««Ѕ Ќ»н» д« ',pos
' @ess_younis яб ”д… жЌ÷— я »ќн— Ќ÷— я е ” ÷нЁм гЌгѕ ‘«енд дћг «” «— «я«ѕнгм10 н« —м «бќ»—ѕе ’Ќ еже ’ж е ћгнб ћѕ««««««««««««« жггн“ ',pos
"' ""”ж—н«.. \""""ѕ«Џ‘н« \"""" нЏ ёбд 15 «г—√… Ён «б»жяг«б http://t.co/X531ju4qzv '",neu
' #3alahwa »”гЏ Џ «бёеже гд Ќж«бм ”де ж«б—Џ» еж «бм ‘ѕдм жяб ”де жяб «б“»«нд Ўн»нд ж»ќн— ж”де ”Џнѕе Џбм яб «б“»«нд жЏбня н«нжд”? №№№№ ',pos
' я«д б«“г √Ёег √д яб «бжб«ѕ “н »Џ÷ “»«бе. ',neg
' яб ж«Ќѕ нёжб яѕ… Џдѕе я«г Џнѕ гнб«ѕ Џ «бЁн” «бде«—ѕ… .. «д« 95 ж г‘ ея »бег Џ‘«д ябег »н’нЏж.. ',neu
' бяб Ќѕ »нё—« ѕбжё н н«—»  яжд «б”де «бћѕнѕе Џбня ”де г«Ёне«‘ «бжЌ‘ гд «ббн Ё«  жЁне« «бЌбж гд «ббн ћн ',pos
' Џгб  Ё—ё «б≈”Џ«Ё Ён «бѕЁ«Џ «бгѕдн Џбм дёб г’«»нд ≈бм г” ‘Ём «бќж—н «бЏ«г √Ћ— Ќ«ѕЋ ”н— жёЏ Џдѕ г” ѕн—… “Ќб…. http://t.co/YBRJjoP1oj ',neu
' @Ali_shunnaq  ж«д  »ќн— † ж”де Ќбже Џбня жЏбм «ебя жд«”я http://t.co/TQPtpzKWhp ',pos
' @Hayoosh_95 @YFailat @Caravanroya @RoyaTV @ShadyMaksimous ж«д  г« Ён гдя. !! ‘я—р« я н— ',pos
' @MooryMoory н«—» жн”Џѕя ж ’»Ќм Џбм яб «бќн— ',pos
' «д« »Џ‘ё Ќ«ћ… «”ге« #«бжЌѕ… ? ',pos
' @dado0123456 нб« н« ‘—гжЎе  Џ«бм ќ«’ «бЏ» Ё ‘—Ёя ж «“дм Ё бЌгя ',neg
' »«бгд«”»… : яб Џ«г ж жЎд« »√бЁ ќн— ??? ж н«—» н«—» н«—» н«—»   џн— бб√Ќ”д ???? ',pos
' @hamad_jassim  ’»«Ќ «бќн— ж«д ‘«Ѕ «ббе ”д… ”Џнѕ… Џбня жЏбн яб Џ«∆б я ',pos
' #«бжЎд   ёж«  «б Ќ«бЁ »ён«ѕ… #ж«‘дЎд  дЁ– 10 џ«—«  ћжн… Ён #”ж—н« ж #«бЏ—«ё http://t.co/wx3POrR9A4 ',neu
"' """"""гб«Ќў… џ—н»… ° ’б«… «бЁћ— г« » б«ён »«бг”ћѕ џн— «бя»«— »«б”д !њ гЏёжб Ёнег Ќнб нЎбЏж« »«б»—ѕ ж »«бжё  е«ѕ «я — гд «б‘»«» !!"""""""" '",pos
' «д  Ќ»н» «бёб» гд »Џѕя г«Ён Џ‘«ё џн—я «д« г«»Ќ» жбџн—я г«—Ќ «‘ «ё #ElieEliaWorld  #welcome2015withelieelia 41 ',pos
' «д« гег« жёЏ  —Ќ «—ћЏ «жёЁ бж «бЁ Џё»е жёЁ  »Ў—нён ”ж«Ѕ я«д «д”«д «ж г—÷ «ж ў—Ё —Ќ «ж’б б Ќбгн ж«Ћ»  б дЁ”н «де гя«дн «бгёѕге  #н«_—» ',neu
' жѕЏ  еж«ян »б« Ќ“д #”жѕ«дн«  ',neu
'  ’ж— »Ќ»я ! ',pos
' »ѕ«Џ «»ѕ«Џ «»ѕ«Џ ‘н—нд нЌнм ',pos
' «бджг еж «ё’м «г Ќ«д ббжё  .. ',neu
' @MidooRawy @Ana_Diabya  ”бг ж«ббе ћжЏ дн ',pos
' @MrAhmedmoharam жЌ÷— я »ќн— ж»д‘я—я »ћѕ Џбм ѕЏгя «бг” г—         б #«»д_г’—_‘«енд #гЌгѕ‘«енд гЌгѕ‘«енд ',pos
' б«  —«ћЏ жб« «” ”б«г Џбн ”н »н ”н  ж ',neu
' бж ндЎ «б «—нќ жнќ ’— ‘е— ж«Ќѕ ',neu
' «ббег √ќ г »«б’«бЌ«  √Џг«бд«.. ',pos
' дЁ” «бжё  ж дЁ” «б«Ќѕ«Ћ ж я√д «б“гд Ћ«»  г»н Ќ—я‘ ! ',neu
' «бягн«Ѕ »д  «бг—… . ',neg
' е«бё”ж… «ббн Ўб  »Џнждя ћ«нн гд гндњ ',neg
' ябг«  #гћѕ…_«б—жгн ',pos
' @mohamed71944156 ееееееееееее г”«Ѕ «бЁб «’бжЌ м :D ',pos
' Џ»Ћ« г« √я » ”нѕ н  ≈Ќ”«”н √я»— гд бџ н  ж‘Џж—н дЌжя н ќЎм  ’ж н н ЌЎм Ќдћ— н  Џ»Ћ« г« √я » г« ѕ«г   ябг« н √ж”Џ гд ‘Ё н  г‘яб н √дя г‘яб н ',pos
' «Ќгѕ Ќбгн н« ћѕЏ«д ?? ',pos
' @khalednegm яб ”де жЌ÷— я Ўн» бг«–« б« н г  Ћ»н  ќ—нћн ‘Џ»е «б»—нѕ «бгябЁнд »«б—џг гд г—ж— «яЋ— гд Ћб«Ћ ”дж«  Џбн  Џнндег жб« ег енЁ÷бж« яѕе ',neu
' «д« еёЁб «бЁн” гд я — «б «ћ «бм »нЏгбже «бд«” бн« ',neg
' @IJnifen  —ћ«Ѕ« г‘ яб «б’ж— «ббн   д‘— ЌЁ«ў« Џ ‘яб ж ’ж—… ’«»— «б—»«Џн «г«г ћгеж—е ',neu
' #»дџ«“н «бнжг # хЏ¬дн »яб г¬  Ќгб «бябге гд гЏдн # ',neg
' г«Ён‘ «Ќ”«” ћне »«бЏ«Ёне Џ‘«д н Џ«‘  ж ћ—»д« дЌ» Ём »Џ÷ гЏ—Ёд«‘ ж гя”»д«‘  ж гќ”—д«‘ ',neg
' @123_Manou @3l3o3v3 @_meemee_2 @b953c2b5dfe5473 @Lujainloje —»д« нѕнг «бгЌ»е н«—» »нд« ',pos
' @eso_24 «”ге« Џ“»… «»жег :D:D ',neg
' ?гнб… ен  ?????… ??? ????? ?№ ????? ?у? ????? ???? ?н ??? ! ',pos
' @anotherSana @Mahamood_Swedan ж«ббе г«нЌ” «бћ—Ќ «б« ’«Ќ»е ж«ббе гЌѕ Ќ«” »нд« «‘ян б —»я ',neu
' @sexx_soso «д м ж«ёЏе «жм ',neg
' «бдћ«Ќ Ќбж »ћѕ ',pos
' @iContent_Health @NesrinNjm  «”√б «ббе «бЏЁж ж«бЏ«Ёне ',pos
' @ala_nagi Ўн»  ≈бен нжбЏж« ег« ж «бгя« » ',neg
' @MariamElHusaini гЏб‘ Ќёя Џбн« ',pos
' Ём Џ“ «б»—ѕ ѕе Ёне д«” д«нге Ё «б‘«—Џ »б« г√жм —»д« гЏ«ег жн”«гЌд« Џ  ё’н—д« Ё Ќёег ',neu
' @SalehAlmoghamsy —»д« нЁ Ќ Џбне ',pos
' 2\% «бгж»нб »нде«— ',neg
"' ""ё«б ’бм «ббе Џбне ж”бг:  «яЋ—ж« гд «б’б«… Џбнш бнб… «бћгЏ… жнжг «бћгЏ… Ё≈д ’б« яг гЏ—ж÷… Џбнш.  ЌѕнЋ ’ЌнЌ\"""" '",neu
' @ITareeq «ж”«ќ гЌ «ћнд н —»ж« »” ',neg
' «б«џдн… ≈ббн Џгбе« нж”Ё ‘«енд ≈ббн «бг Ў—Ёнд »нџдже« Ён Ёнбг «бг’н— ћ«гѕ… Ё‘ќ D: ',pos
' »«б’ж—…: ”—ё г«б«р жгћже—«  Ё«жёЁ е #ёжм_«б√гд Ён гЌб… #ё’ё’. http://t.co/NB7GjN5YD0 #б»д«д http://t.co/s2QJJxkPqH ',neu
' «ббег «’ЎЁм яб гд «џ ’»дм жяб гд  ” — Џбм ћ—нг… «џ ’«»м жЏ»н— «б“ен—м ж«бЎ» «б‘—Џм ббд«— ќ«бѕнд Ёне« «»ѕ« »ѕж«г Џ“я жёж я «д ‘«Ѕ «ббе #г’— ',neg
' Џ«ге «б д«яе ж «б»—жѕ ”«Џ«  »няждж гЎбж»нд ж«д  »  Џ«гб гЏ Ё∆е гЏнде гд «бд«” ',neg
' @Fathy20Ahmed Џбнд« жЏбня н« «Ќгѕ «д ‘«Ѕ «ббе ',pos
' @S_msl7 ќ«нде ',neg
' √ћгб г«Ён «бЌн¬….... ёб»«р  Ќян бе г« ‘«Ѕ.... ',pos
' ѕнж џд«∆н нћгЏ я«днне жн”  ж»жб г«я«— дн http://t.co/jnUB4s7sSG http://t.co/OTfNYxoaWM ',neu
"' """"""«б«‘н«Ѕ «бёѕнг…  Ќ Ёў »ёнг е« ° я«б–е» ° б« »б я«бя ” °° яб ёѕнг ћгнб ."""""""" '",neu
' ж»нд« гЏ«ѕ бж «Ќд« »Џ«ѕ ? ',pos
' @FawzyOmar н«—» «жЏѕд« ',pos
"' """"""гћ—ѕ ќж«Ў— »ён  Ќ«”… «дд« »д ”«еб Ён Ќ«ћ«  гЁне«‘ дё«‘ Ён «бѕнд°ж«Ќѕ гбЌѕ еж Ќ— г‘ егж е ж еЏ«гбе яжн” »” гё»б‘ «бЁя—… ж «де« ‘∆ Џ«ѕн.."""""""" '",neu
' @Haneendeabis «ббе »Џндя жнёжшнян жнжЁёя «д ‘«Ѕ «ббе ',pos
' Ёб«д «бЁб«дм «ббм гЏ—Ё‘ «”ге я«д нжге« ж«ёЁ ћд»м :) ',pos
' @mariemali123 @HASSONAHASSONA еж Ём г”нќ ѕћ«б ћ«м «я — гд «бд«” «б Џ«н‘нд гЏе« !  ѕ« «бг”нќ «бѕћ«б н” Ќм гд «ЁЏ«бег ',neg
' ж»ќ«Ў—н бЌў… ’Ё«  ћгЏдн Ёнян »нжг Џ«б“джѕ гбн«д… ѕЁ«  б«  Ќян Џд ёб»н ћЁ« б«  ћ—Ќндн »дж» бг« г‘«Џ— гећ н  ег” ≈бя »жЏжѕ #д‘нѕ ',neu
'  «нг б«нд «бћгЏе «бгбб ',neg
' «бгќѕ—«  √’»Ќ  »«бд”»… бн «яЋ— гд «ќ ж’ѕнё жЌ»н» .. «бгќѕ—«  яб ‘н √’»Ќ  жгд «б”»»њ «бжЎд Ћг «б‘Џ» ',neg
' гужшб«н ≈дшн »»«»я ёуѕ гуѕѕ х нуѕн гуд бн √бж– »е √б«я н« ”удѕнњ ',pos
' Џёжбег яЏёжб «бЌгн—... #¬б_”Џжѕ_ж«д’«—ег ',neg
' б«  Џбнё Џбм ёб» гд жћЏе —«Ё÷ н” Ёнё !! ',neg
' ёб»я «б»«е  »е  Ќ«ћ«  я н— ',neg
' @e6655545gmailc2 ”де ”Џнѕ… http://t.co/7WZSSLaOCQ ',pos
' @alambratwr_q8 @mbuyabis ћн‘ «бгя—жд… ѕ… «янѕ —»«Ў ћ“г е »—ё» я ',neg
' #гЌгѕ_‘«енд гЌгѕ ‘«енд яЋ— «бЌѕнЋ Џд «б н «еж«е« яЋ— «бЌѕнЋ гд «б н «еж«е« http://t.co/F3vFYCuP1R ',pos
' @sarakml @yoka__l__ гнд Ё «б»бѕ ѕм г‘ Ў«бЏ ѕняе нЏдм ',neg
' @MohanadElMorsy «б—«ћб ж”ќ ж ќ«нд ж Ё‘ќе« ж ен ‘ќ’н… г‘ ”жн… ж Ё‘ќ  ё»бне я–« ж«Ќѕ Ё« б« еж нЏ »— гўбжг ж б« ен Џдѕе« Ќё «б« днд ќ—« ',neg
' гндЁЏ‘  “Џбн Џбм Ќ«ћ… «д  г»  Џ»н‘ Џ‘«де« ж б« » Џгбн Ќ«ћ… Џ‘«д  я”»не« ',neu
' @LinaHw1 ‘г” енЁ«Ѕ же»н  ‘—ё яб ”д… Е !!   http://t.co/cPYl4nhRFg ',pos
' @Ichrakgmar яб Џ«г ж‘—жён »√бЁ ќн— »Ќбжб ”д… ћѕнѕе ж«бЏнѕ «бгж«бѕ «бд»жн #Ichrakgmar http://t.co/vhRIcmKKsS ',pos
' ябе »нћм ”«Џе «б«г Ќ«д«  жн” е»б!! н« жб« «бяб» «‘Ќ«б г«яд ж« » «ќѕже Ё гн нд «ге яж—”! #«”»«дм ',neg
"' ""еёжбяг Ќ«ће ж «Ё я—ж« яб«гм яжн” \""""ќ«нЁ б« яжЁм гн—ћЏ‘ Џб «б“г«бя\"""" '",neg
' √Ќн«д¬ ёѕ  яжд ябг… ё«”н… »жће √дЋм »”нЎ… ё”м Џбне« «б“гд ж«бгћ гЏ. няжд жёЏе« гѕжн¬ ж—»г« √ёжм гд ЎЏд… ”янд. ',neg
' @Kha_sul @ommhamade @mbuyabis «Ќ —г дЁ”я жѕж— Џбн «’бя ',neg
"' """"""????х? ???? ??? ??????? ° ?????? ?????? ?????? ???????? !"""""""" '",pos
' ё«б —”жб «ббе ’бм «ббе Џбне ж”бг : б√д нЎЏд Ён —√” √Ќѕяг »гќнЎ гд Ќѕнѕ ќн— бе гд √д нг” «г—√… б«  Ќб бе. —ж«е «бЎ»—«дн ж«б»неён ',neu
' «бќЎ«» «ббн Ќ—г »Џѕе √н —∆н” √г—нян ндЎё »«бЌёнё… https://t.co/e9CX9FDoyp @FinalRule @agfoad @nilly_hanem @NasserIbnHamad @GwadyM @amrgabr2 ',neg
' @AbodSallam «ббе н»«—я Ёня ',pos
' г«г« жќж« н нќбнбн ≈н«яг  жн’»—яг Џбн« ^^ ',pos
' Ён д«” ÷«бе г‘ Џ«ћ»е« #«Ќгѕ_«б‘ён—н   н« “бге ’н— гЌ —г жЏдѕё «ќб«ё яжн”е ж»ѕн‘  ’н— гЋб #«Ќгѕ_«б‘ён—н ',neg
' яб «бёбж» «бм «бЌ»н»  гнб ж гЏн б–бя ‘«еѕ ж ѕбнб  #«бгжбѕ_«бд»жн http://t.co/M0XPm4m1YK ',pos
' @Noff0099 яб «д”«д  ’—Ё« е  дЏя” Џбм  —»н е Ён »н е ж»н  «ебе ',neu
' ё—«— ћгеж—м » ќ’н’ ёЎЏ… √—÷ »√”ж«д б≈ё«г… гдЎё… ’д«Џн… ',neu
' «Ќн«д« б« н—џ» «бд«” Ём ”г«Џ «бЌёнё… б«дег б« н—нѕжд «д   ЌЎг «же«гег sn ',neu
' Џдѕг« нЏн‘ «б—ћб жег дћ«Ќе Ём ќѕ«Џ «бг—√е Ён бём «б’ЁЏе «бггн е Џдѕг« ня ‘Ё «де« я«д   Џбг »ќѕ«Џе ж ‘«еѕе Ќ м нд ем гд  бя «бг”—Ќне «бе“бне ',neg
' @highpointsaudi @2m__m2 Ќбже ',pos
"' ""дЁ”м «б«ём «б‘ќ’ «ббм нќбндм «ёжб \""""б”… «бѕдн« »ќн—\"""" #ћ«—м_«б»ЌЋ ! '",neg
' »«“жя« Ён ё«∆г… «б« Ќ«ѕ бгж«ће… ”гжЌ… .. #нб«_ѕж—н  http://t.co/ekyUrX2Vri ',neu
' «бЏ—’ ё«∆ѕ «б«дёб«» Ём г’— Џдѕг« н ЌѕЋ г»«‘— нўе— ћебе ж ќбЁе жгЏ«ѕ« е ббѕнд «б«”б«гм «г«  ё—»«р б«”н«ѕе «бнежѕ ж«бд’«—м «ж «д е–« еж ѕнде ',neg
' нЏћ»дн √ќ–я ббя » »«бЌ÷д ',pos
' –я—м ”ёжЎ «б√дѕб”. ',neg
' ж«д  «б“г«д ж«бгя«д жн бќ’ Ёня яб «бяб«г ',pos
"' ""≈–« Ёхёѕ «бЏбг Ќб «бћеб гЌбе ж≈–« Ќб «бћеб Ёб«  ”√б Џд Ќ«б «бд«”  Ё”жЁ б«нЏ—Ёжд янЁ нЏ»ѕжд «ббе жб«янЁ  н ё—»жд ≈бне\""""  #«»д_ЏЋнгнд —Ќге «ббе '",neu
' @nody_mahir @GogoXxxX11 @wafaawafeek @walaasayed16 еееееееееее гнд —дѕ« ѕм «Ќ”«” Ќбж «дм » ябг гЏ«яж« Ём  жн — г‘ г Џжѕе ж«ќѕнд Џбм «бЁн” ',pos
' @B_Cat_G «бЏбг Ён «б—«”?? ',neu
' #гЁежг_«б—ћжб… ен √д  д«г ё—н— «бЏнд г— «Ќ «б÷гн— џн— ў«бг ',neu
' https://t.co/xVJk8yHGtR ’ж ж« б‘«енд гн’Ќ‘ н»ём «ёб ж«Ќѕ яѕе #MohammadChahine  гЌгѕ ‘«енд ',neu
' @mahaElshendidy бж ’»—я бне Ќѕжѕ ќбн «гбя Ён —»д« гд џн— Ќѕжѕ ?? ',pos
' Ќ»е ў—жЁ « ћгЏ  Џбн ‘яб ж«Ќѕе ёб»е« гћ—жЌ. ',neg
' гёѕг«  д‘—«  «б«ќ»«— «б бЁ“нждн… «бг”«∆н… http://t.co/0zauQniPs6 ',neu
' @moost_7 @tbareh_ @AlzheeriMohd жяг гд √д«”« бг нЏ—Ёег √Ќѕ жб«яд «ббе нЏ—Ёег гд Ёж 7 ”гж«  ',neu
' г м д Ўж— жд√яб »«б‘жя… ж«б”янд ж«бгбЏёе - «б«яб »Ў—нё… «бЏћд ж«ббќ »«б«нѕн џн— ”бжян- «д« »Џ »— «б«яб »«б«нѕн г”√бе Џ‘ж«∆не Ёб« »ѕ гд «б—ён ',neg
"' ""\""""@RY201000: У@11mmmx: :   енЋг  ћЏбе «ббе г«ёѕг же Ён гн“«д Ќ”д« яг жж«бѕня жћЏбя  ж’б ббде«∆н #‘я—«_енЋг_«бЏ»ѕ«ббе\""""Ф\"""" '",pos
' ндЁЏ Ќѕ н—жЌ «бѕ—ж” »ѕ«бм »я—…! ',neu
' Џ«н“ «ћн» Џ—»н… гндн “н » «Џ… г” — »д ',neu
"' """"""Ё—«дя б«г»«—ѕ ”ћб 9 √еѕ«Ё Ён «бѕж—н «бгг «“ ÷ѕ ”дѕ—б«дѕ° ЁёЎ ÷ѕ √” жд Ёнб« (13) ж»жб жд (12) ”ћб √яЋ— «б√”Ўж—… «б«дћбн“н…"""""""" '",neu
